,PropertyType,Town,TotalBedrooms,Sale_Count,Rent_Count,Sale_Mean_Bathrooms,Rent_Mean_Bathrooms,Sale_Mean_IntArea,Rent_Mean_IntArea,Sale_Mean_ExtArea,Rent_Mean_ExtArea,Sale_Min_Price,Sale_Max_Price,Sale_Mean_Price,Rent_Min_Price,Rent_Max_Price,Rent_Mean_Price,Repayment_Year,Repayment_Monthly,Vacancy,Repairs,Management,Net_Rent_Year,Net_Rent_Monthly,CoC_Return
456,Studio Flat,St Julian's,1,6,32,1.0,1.03,56.17,0.0,4.33,0.0,220000,305000,252500.0,120,3200,2166.72,14500.54,1208.38,108.34,108.34,216.67,11066.76,922.23,0.04
213,House of Character,Birkirkara,3,5,6,2.2,2.67,171.2,41.67,26.6,16.67,325000,499000,404800.0,1650,6000,3108.33,23246.8,1937.23,155.42,155.42,310.83,13431.49,1119.29,0.03
455,Studio Flat,St Julian's,0,2,3,0.0,1.0,75.0,0.0,8.0,0.0,120000,120000,120000.0,850,1000,916.67,6891.34,574.28,45.83,45.83,91.67,3925.36,327.11,0.03
402,Penthouse,Pieta,1,5,4,0.8,0.75,65.4,0.0,32.2,0.0,210000,425000,323000.0,800,3250,2025.0,18549.2,1545.77,101.25,101.25,202.5,5345.8,445.48,0.02
192,Apartment Duplex,St Paul's Bay,2,2,2,1.5,1.5,77.5,0.0,14.5,0.0,165000,205000,185000.0,750,1450,1100.0,10624.16,885.35,55.0,55.0,110.0,2355.84,196.32,0.01
127,Apartment,Qormi,4,5,6,2.8,2.0,148.0,0.0,11.0,0.0,230000,297000,264400.0,1500,1600,1516.67,15183.93,1265.33,75.83,75.83,151.67,2712.78,226.06,0.01
141,Apartment,Santa Venera,1,4,12,1.0,1.08,56.25,0.0,3.25,0.0,152000,170000,158250.0,750,1050,862.5,9087.96,757.33,43.12,43.12,86.25,1089.54,90.79,0.01
368,Penthouse,Gozo - Xlendi,2,3,2,2.0,2.0,99.67,0.0,19.0,0.0,163500,238000,212500.0,1200,1200,1200.0,12203.42,1016.95,60.0,60.0,120.0,1956.58,163.05,0.01
235,Maisonette,Birkirkara,1,4,2,1.0,1.0,63.0,0.0,5.0,0.0,143000,185000,163250.0,650,990,820.0,9375.1,781.26,41.0,41.0,82.0,300.9,25.08,0.0
63,Apartment,Gudja,3,7,6,2.0,2.33,118.14,0.0,13.0,0.0,235000,308000,262142.86,850,1400,1191.67,15054.31,1254.53,59.58,59.58,119.17,-992.6,-82.72,-0.0
114,Apartment,Pieta,1,29,11,1.17,1.09,49.72,5.82,4.59,0.36,130000,225000,165551.72,700,1000,804.55,9507.28,792.27,40.23,40.23,80.46,-13.59,-1.13,-0.0
109,Apartment,Paola,3,26,18,2.0,1.89,115.5,0.0,12.73,0.0,164719,372000,222604.58,700,2000,1016.67,12783.71,1065.31,50.83,50.83,101.67,-787.0,-65.58,-0.0
116,Apartment,Pieta,3,34,57,1.91,1.98,116.21,6.14,10.97,0.7,155000,735000,288911.76,700,3000,1443.86,16591.59,1382.63,72.19,72.19,144.39,445.96,37.16,0.0
108,Apartment,Paola,2,17,9,1.71,1.33,86.76,0.0,9.53,0.0,130000,223000,179941.18,675,1350,858.33,10333.64,861.14,42.92,42.92,85.83,-205.34,-17.11,-0.0
170,Apartment,Ta' l-Ibragg,4,2,7,2.0,2.57,154.5,15.71,7.0,0.0,330000,395000,362500.0,1250,2300,1657.14,20817.6,1734.8,82.86,82.86,165.71,-1263.35,-105.28,-0.0
53,Apartment,Gozo - Xewkija,2,4,5,1.75,1.4,86.75,0.0,5.25,0.2,125000,135000,130875.0,550,650,590.0,7515.87,626.32,29.5,29.5,59.0,-553.87,-46.16,-0.0
171,Apartment,Tarxien,2,11,8,1.73,1.75,90.73,0.0,9.09,0.0,180000,223000,196181.82,800,1200,887.5,11266.3,938.86,44.38,44.38,88.75,-793.8,-66.15,-0.0
403,Penthouse,Pieta,2,4,15,1.5,2.0,76.75,0.0,31.0,0.0,268000,319000,296000.0,1000,1700,1323.33,16998.65,1416.55,66.17,66.17,132.33,-1383.36,-115.28,-0.0
58,Apartment,Gozo - Zebbug,3,3,16,2.0,1.75,0.0,0.0,0.0,0.0,172000,175000,173666.67,450,2200,869.69,9973.31,831.11,43.48,43.48,86.97,289.03,24.09,0.0
494,Townhouse,Senglea,3,12,2,2.17,2.5,117.58,0.0,14.75,0.0,266000,900000,452416.67,1700,2900,2300.0,25981.33,2165.11,115.0,115.0,230.0,1158.67,96.56,0.0
59,Apartment,Guardamangia,1,3,4,1.0,1.0,50.0,0.0,15.33,0.0,159000,175000,164666.67,750,950,812.5,9456.46,788.04,40.62,40.62,81.25,131.04,10.92,0.0
130,Apartment,Rabat,1,4,3,1.0,1.33,62.0,0.0,6.0,0.0,160000,170000,163750.0,700,850,788.33,9403.81,783.65,39.42,39.42,78.83,-101.52,-8.46,-0.0
233,Maisonette,Balzan,2,2,9,1.5,1.67,91.0,5.56,21.0,5.56,240000,250000,245000.0,900,1500,1188.89,14069.83,1172.49,59.44,59.44,118.89,-40.93,-3.41,-0.0
230,House of Character,Zejtun,3,10,3,2.0,2.67,133.8,0.0,34.3,0.0,235000,990000,523600.0,900,4000,2633.33,30069.23,2505.77,131.67,131.67,263.33,1004.06,83.67,0.0
68,Apartment,Hamrun,1,17,4,1.12,1.0,47.65,15.0,6.0,1.5,127000,210000,154529.41,650,800,737.5,8874.3,739.52,36.88,36.88,73.75,-171.8,-14.32,-0.0
76,Apartment,Kappara,1,3,12,0.33,1.33,33.33,0.0,4.67,0.0,175000,196000,182000.0,650,1350,904.17,10451.87,870.99,45.21,45.21,90.42,217.33,18.11,0.0
139,Apartment,San Gwann,4,3,9,1.33,2.89,131.0,0.0,12.33,0.0,266000,360000,317000.0,950,3800,1538.89,18204.64,1517.05,76.94,76.94,153.89,-45.73,-3.81,-0.0
374,Penthouse,Hamrun,2,10,4,1.7,1.5,57.6,18.75,20.3,5.0,189000,404000,247700.0,800,1100,950.0,14224.88,1185.41,47.5,47.5,95.0,-3014.88,-251.24,-0.01
370,Penthouse,Gzira,1,15,47,1.2,1.17,56.93,4.47,23.27,1.7,190000,325000,251200.0,72,1500,1019.09,14425.88,1202.16,50.95,50.95,101.91,-2400.62,-200.05,-0.01
383,Penthouse,Marsascala,1,2,5,1.5,1.0,68.5,0.0,50.0,0.0,213000,233000,223000.0,700,1000,810.0,12806.42,1067.2,40.5,40.5,81.0,-3248.42,-270.7,-0.01
88,Apartment,Marsascala,2,55,187,1.44,1.5,89.02,3.01,10.6,0.21,169000,325000,231609.09,55,1500,853.5,13300.82,1108.4,42.68,42.68,85.35,-3229.52,-269.13,-0.01
87,Apartment,Marsascala,0,2,4,0.5,0.25,88.5,2.5,10.5,2.5,178000,202000,190000.0,700,900,837.5,10911.3,909.27,41.88,41.88,83.75,-1028.8,-85.73,-0.01
104,Apartment,Msida,3,41,197,1.88,1.98,101.2,2.82,12.1,6.03,215000,670000,288902.44,60,1700,1097.46,16591.05,1382.59,54.87,54.87,109.75,-3641.02,-303.42,-0.01
85,Apartment,Manikata,2,10,12,1.2,2.17,73.6,0.0,5.2,0.0,198000,239000,214400.0,650,1000,850.0,12312.54,1026.04,42.5,42.5,85.0,-2282.54,-190.21,-0.01
103,Apartment,Msida,2,85,336,1.58,1.53,73.36,3.21,7.38,0.19,136000,295000,214430.0,80,1500,920.51,12314.26,1026.19,46.03,46.03,92.05,-1452.24,-121.02,-0.01
111,Apartment,Pembroke,3,23,8,1.65,2.25,98.39,0.0,14.83,0.0,284500,495000,349782.61,1000,1900,1481.25,20087.27,1673.94,74.06,74.06,148.12,-2608.52,-217.38,-0.01
98,Apartment,Mosta,2,77,61,1.91,1.62,70.47,4.26,7.97,0.2,179000,420000,250792.21,650,1650,917.21,14402.46,1200.21,45.86,45.86,91.72,-3579.38,-298.28,-0.01
375,Penthouse,Iklin,1,5,2,1.4,1.0,58.2,0.0,36.6,0.0,250000,350000,300000.0,1000,1250,1125.0,17228.36,1435.7,56.25,56.25,112.5,-3953.36,-329.45,-0.01
102,Apartment,Msida,1,38,125,1.26,1.06,54.87,1.48,6.37,0.32,150000,239000,178092.11,650,1000,777.28,10227.45,852.29,38.86,38.86,77.73,-1055.55,-87.96,-0.01
90,Apartment,Marsaxlokk,2,27,16,1.44,1.94,86.81,0.0,11.7,0.0,156000,270000,195555.56,700,1000,815.62,11230.34,935.86,40.78,40.78,81.56,-1606.02,-133.84,-0.01
373,Penthouse,Hamrun,1,6,4,1.17,0.75,62.0,30.0,26.67,14.5,160000,235000,210500.0,650,850,800.0,12088.57,1007.38,40.0,40.0,80.0,-2648.57,-220.71,-0.01
92,Apartment,Mellieha,1,8,23,1.5,1.26,66.88,0.0,10.12,0.0,190000,305000,226750.0,550,1700,947.83,13021.77,1085.15,47.39,47.39,94.78,-1837.38,-153.11,-0.01
293,Maisonette,Pieta,2,4,3,1.5,2.0,96.0,0.0,16.5,0.0,143000,266000,196000.0,700,1000,816.67,11255.86,937.99,40.83,40.83,81.67,-1619.16,-134.93,-0.01
289,Maisonette,Paola,1,6,2,1.17,1.0,60.33,0.0,4.5,0.0,139000,318000,176333.33,700,800,750.0,10126.45,843.87,37.5,37.5,75.0,-1276.45,-106.37,-0.01
115,Apartment,Pieta,2,25,57,1.84,1.58,89.72,6.81,8.24,0.0,154000,450000,258840.0,750,1850,1034.56,14864.63,1238.72,51.73,51.73,103.46,-2656.82,-221.4,-0.01
165,Apartment,Ta' Xbiex,1,4,9,1.25,1.22,46.0,10.0,3.25,2.22,170000,329000,240250.0,700,1400,1016.67,13797.05,1149.75,50.83,50.83,101.67,-1800.34,-150.03,-0.01
172,Apartment,Tarxien,3,47,16,2.04,1.75,110.49,0.0,16.0,0.0,213000,308000,237957.45,725,950,873.44,13665.39,1138.78,43.67,43.67,87.34,-3358.8,-279.9,-0.01
159,Apartment,Swatar,2,12,64,1.92,1.72,18.33,2.34,1.17,1.41,224000,256000,244916.67,85,1400,896.25,14065.04,1172.09,44.81,44.81,89.62,-3489.29,-290.77,-0.01
308,Maisonette,St Julian's,2,5,31,2.0,1.9,75.0,11.77,4.8,3.23,260000,425000,352000.0,115,3500,1301.13,20214.61,1684.55,65.06,65.06,130.11,-4861.28,-405.11,-0.01
155,Apartment,St Paul's Bay,1,18,43,1.28,1.05,58.06,0.0,6.5,0.0,125000,345000,183583.33,80,1200,760.58,10542.8,878.57,38.03,38.03,76.06,-1567.96,-130.66,-0.01
323,Maisonette,Zabbar,2,21,6,1.86,1.67,87.67,18.33,23.0,2.67,180000,315000,238490.48,700,1100,916.67,13696.0,1141.33,45.83,45.83,91.67,-2879.29,-239.94,-0.01
303,Maisonette,Santa Venera,3,2,5,1.0,2.2,133.5,0.0,22.5,0.0,295000,352000,323500.0,1000,1500,1220.0,18577.92,1548.16,61.0,61.0,122.0,-4181.92,-348.49,-0.01
302,Maisonette,San Pawl tat Targa,3,5,4,2.0,2.25,122.0,0.0,42.8,0.0,440000,440000,440000.0,950,3000,1850.0,25268.26,2105.69,92.5,92.5,185.0,-3438.26,-286.52,-0.01
181,Apartment,Xghajra,2,5,17,1.4,1.59,85.0,4.71,7.0,0.24,190000,273000,210800.0,650,1200,826.47,12105.8,1008.82,41.32,41.32,82.65,-2353.45,-196.12,-0.01
183,Apartment,Zabbar,2,55,11,1.67,1.82,86.8,20.0,12.18,2.91,160000,298000,201194.55,680,1250,884.55,11554.17,962.85,44.23,44.23,88.46,-1116.48,-93.04,-0.01
338,Penthouse,Balzan,2,7,13,2.0,1.92,81.0,6.62,61.14,4.54,250000,495000,348714.29,950,1600,1303.85,20025.92,1668.83,65.19,65.19,130.38,-4640.49,-386.71,-0.01
143,Apartment,Santa Venera,3,28,34,2.0,1.88,104.0,3.21,14.11,0.0,178000,457000,268607.14,700,1650,977.94,15425.54,1285.46,48.9,48.9,97.79,-3885.84,-323.82,-0.01
142,Apartment,Santa Venera,2,55,27,1.85,1.85,84.62,2.96,9.49,0.0,165000,350000,221083.64,700,1100,864.81,12696.36,1058.03,43.24,43.24,86.48,-2491.6,-207.63,-0.01
138,Apartment,San Gwann,3,41,117,2.17,1.93,121.22,4.15,15.95,0.36,208000,450000,300743.9,700,2500,1148.72,17271.08,1439.26,57.44,57.44,114.87,-3716.19,-309.68,-0.01
137,Apartment,San Gwann,2,61,213,1.87,1.71,87.69,3.17,11.41,0.49,210000,388000,249639.34,600,2200,981.1,14336.26,1194.69,49.06,49.06,98.11,-2759.28,-229.94,-0.01
136,Apartment,San Gwann,1,14,53,1.36,1.04,61.14,1.89,9.36,0.38,155000,375000,195500.0,625,1350,845.28,11227.15,935.6,42.26,42.26,84.53,-1252.84,-104.4,-0.01
340,Penthouse,Birkirkara,1,8,8,1.62,1.38,76.5,6.25,43.88,3.12,187000,277000,231625.0,775,1150,909.38,13301.73,1108.48,45.47,45.47,90.94,-2571.05,-214.25,-0.01
341,Penthouse,Birkirkara,2,10,19,1.6,1.74,79.7,0.0,38.0,0.0,240000,330000,285900.0,750,1300,1062.11,16418.63,1368.22,53.11,53.11,106.21,-3885.73,-323.81,-0.01
133,Apartment,Safi,2,2,5,1.0,1.6,81.5,20.0,13.5,3.0,210000,233000,221500.0,650,950,820.0,12720.27,1060.02,41.0,41.0,82.0,-3044.27,-253.69,-0.01
188,Apartment,Zejtun,2,22,10,1.77,1.9,89.86,36.0,11.36,1.6,148000,260000,193931.82,675,900,777.5,11137.09,928.09,38.88,38.88,77.75,-1962.59,-163.55,-0.01
346,Penthouse,Bugibba,3,2,12,1.5,2.17,117.5,0.0,64.0,0.0,300000,330000,315000.0,800,1950,1167.92,18089.78,1507.48,58.4,58.4,116.79,-4308.32,-359.03,-0.01
348,Penthouse,Fgura,1,6,4,1.17,1.0,60.33,13.75,30.17,6.25,155000,199000,180166.67,700,850,800.0,10346.59,862.22,40.0,40.0,80.0,-906.59,-75.55,-0.01
126,Apartment,Qormi,3,73,22,2.01,1.86,281.7,0.0,15.12,0.0,160000,395000,254714.38,650,1600,1040.91,14627.7,1218.98,52.05,52.05,104.09,-2344.97,-195.41,-0.01
125,Apartment,Qormi,2,47,11,1.91,1.73,89.09,0.0,11.38,0.0,170000,245000,213425.53,700,1000,859.09,12256.57,1021.38,42.95,42.95,85.91,-2119.31,-176.61,-0.01
294,Maisonette,Qawra,2,13,18,1.69,1.44,93.46,0.0,16.69,5.28,185000,295000,220692.31,600,1200,833.33,12673.89,1056.16,41.67,41.67,83.33,-2840.6,-236.72,-0.01
350,Penthouse,Fgura,3,13,3,1.77,2.0,108.38,0.0,62.38,0.0,218000,450000,326615.38,1050,1500,1350.0,18756.83,1563.07,67.5,67.5,135.0,-2826.83,-235.57,-0.01
353,Penthouse,Ghaxaq,2,10,2,1.8,2.0,99.4,0.0,24.0,0.0,265000,310000,298000.0,950,1200,1075.0,17113.51,1426.13,53.75,53.75,107.5,-4428.51,-369.04,-0.01
292,Maisonette,Pieta,1,2,2,1.0,1.0,66.5,0.0,1.5,0.0,175000,266000,220500.0,750,900,825.0,12662.85,1055.24,41.25,41.25,82.5,-2927.85,-243.99,-0.01
290,Maisonette,Paola,2,6,10,1.5,1.1,69.17,0.0,7.83,0.0,140000,270000,207500.0,650,850,755.0,11916.28,993.02,37.75,37.75,75.5,-3007.28,-250.61,-0.01
168,Apartment,Ta' l-Ibragg,2,5,74,2.0,1.92,73.6,1.89,4.6,0.46,315000,420000,355000.0,700,2900,1290.81,20386.89,1698.91,64.54,64.54,129.08,-5155.34,-429.61,-0.01
166,Apartment,Ta' Xbiex,2,8,37,1.75,1.51,87.88,17.43,15.12,0.95,215000,575000,305500.0,800,4000,1290.54,17544.21,1462.02,64.53,64.53,129.05,-2315.84,-192.99,-0.01
81,Apartment,Luqa,2,5,20,1.8,1.9,101.4,17.85,13.6,0.3,175000,205000,193200.0,700,1000,842.5,11095.06,924.59,42.12,42.12,84.25,-1153.56,-96.13,-0.01
51,Apartment,Gozo - Xaghra,2,4,14,1.75,1.86,86.75,0.0,18.75,0.0,135000,225000,181750.0,450,850,662.5,10437.52,869.79,33.12,33.12,66.25,-2620.02,-218.33,-0.01
49,Apartment,Gozo - Victoria,2,11,56,1.91,1.45,103.27,0.0,17.0,0.0,129000,225000,175454.55,450,1000,651.79,10075.98,839.67,32.59,32.59,65.18,-2384.86,-198.74,-0.01
21,Apartment,Fgura,3,72,11,1.99,1.82,106.69,0.0,13.75,0.0,180000,329000,224776.39,700,1200,859.09,12908.43,1075.7,42.95,42.95,85.91,-2771.17,-230.93,-0.01
409,Penthouse,Qormi,3,30,4,2.03,2.0,122.93,0.0,48.37,0.0,249000,532000,342196.67,1100,1750,1362.5,19651.63,1637.64,68.12,68.12,136.25,-3574.13,-297.84,-0.01
271,Maisonette,Luqa,2,2,5,1.5,2.0,86.5,0.0,23.0,0.0,194000,235000,214500.0,850,1000,890.0,12318.28,1026.52,44.5,44.5,89.0,-1816.28,-151.36,-0.01
267,Maisonette,Kalkara,2,3,2,1.67,1.0,78.67,0.0,13.0,0.0,215000,245000,225000.0,900,900,900.0,12921.27,1076.77,45.0,45.0,90.0,-2301.27,-191.77,-0.01
415,Penthouse,San Gwann,3,12,14,2.0,2.29,107.33,34.57,43.75,7.14,320000,750000,454333.33,1200,4000,1782.14,26091.4,2174.28,89.11,89.11,178.21,-5062.14,-421.85,-0.01
417,Penthouse,Santa Venera,1,10,5,1.2,1.0,61.4,11.0,21.4,10.0,180000,245000,213200.0,800,1000,890.0,12243.62,1020.3,44.5,44.5,89.0,-1741.62,-145.14,-0.01
425,Penthouse,St Julian's,1,3,42,1.33,1.24,63.67,4.98,16.67,1.43,260000,350000,313333.33,700,1600,1137.5,17994.07,1499.51,56.88,56.88,113.75,-4571.57,-380.96,-0.01
426,Penthouse,St Julian's,2,5,73,2.2,2.0,74.4,6.44,52.6,3.67,285000,675000,482000.0,85,6000,1938.84,27680.23,2306.69,96.94,96.94,193.88,-4801.92,-400.16,-0.01
262,Maisonette,Hamrun,1,8,4,1.0,1.0,61.25,0.0,20.75,0.0,88000,372000,197250.0,750,850,775.0,11327.65,943.97,38.75,38.75,77.5,-2182.65,-181.89,-0.01
34,Apartment,Gozo - Gharb,2,2,5,2.0,1.8,84.0,0.0,6.0,0.0,155000,159000,157000.0,500,750,590.0,9016.18,751.35,29.5,29.5,59.0,-2054.18,-171.18,-0.01
226,House of Character,Siggiewi,3,5,6,2.2,2.5,177.8,0.0,45.0,0.0,365000,745000,614000.0,750,3500,2241.67,35260.71,2938.39,112.08,112.08,224.17,-8809.01,-734.08,-0.01
253,Maisonette,Gozo - Ghajnsielem,3,2,4,1.5,2.0,172.5,0.0,16.0,0.0,195000,245000,220000.0,600,1100,812.5,12634.13,1052.84,40.62,40.62,81.25,-3046.63,-253.89,-0.01
438,Penthouse,Tarxien,2,9,2,1.89,1.5,84.22,0.0,24.11,0.0,190000,314000,255055.56,900,1100,1000.0,14647.3,1220.61,50.0,50.0,100.0,-2847.3,-237.27,-0.01
30,Apartment,Gozo - Fontana,2,3,4,2.0,1.5,97.0,0.0,8.0,0.0,141000,170000,152666.67,450,850,650.0,8767.32,730.61,32.5,32.5,65.0,-1097.32,-91.44,-0.01
228,House of Character,Zebbug,4,4,2,2.5,3.5,146.75,0.0,152.5,0.0,350000,2500000,1006000.0,3500,5000,4250.0,57772.44,4814.37,212.5,212.5,425.0,-7622.44,-635.2,-0.01
255,Maisonette,Gozo - Sannat,3,2,2,1.5,3.0,123.5,0.0,30.0,0.0,178000,240000,209000.0,800,850,825.0,12002.43,1000.2,41.25,41.25,82.5,-2267.43,-188.95,-0.01
448,Penthouse Duplex,Gzira,2,3,9,2.33,1.78,82.67,19.67,36.67,3.89,330000,356000,345333.33,1000,2700,1505.56,19831.76,1652.65,75.28,75.28,150.56,-2066.15,-172.18,-0.01
256,Maisonette,Gozo - Victoria,3,4,9,2.25,2.22,139.75,0.0,22.75,0.0,176000,225000,201500.0,600,1100,750.0,11571.72,964.31,37.5,37.5,75.0,-2721.72,-226.81,-0.01
451,Penthouse Duplex,Sliema,3,6,11,2.33,2.82,108.17,10.91,42.17,2.91,580000,1100000,696500.0,1500,5000,2718.18,39998.51,3333.21,135.91,135.91,271.82,-7923.99,-660.33,-0.01
20,Apartment,Fgura,2,15,8,1.93,1.5,92.8,22.5,9.93,0.5,175000,244000,206266.67,700,900,811.88,11845.46,987.12,40.59,40.59,81.19,-2265.27,-188.77,-0.01
50,Apartment,Gozo - Victoria,3,28,80,2.14,2.09,123.82,2.33,18.75,0.05,153000,325000,213392.86,400,1500,772.44,12254.7,1021.22,38.62,38.62,77.24,-3139.91,-261.66,-0.01
9,Apartment,Birkirkara,3,49,87,1.98,2.11,141.84,2.53,12.84,0.8,225000,399000,281693.84,700,1700,1082.41,16177.08,1348.09,54.12,54.12,108.24,-3404.64,-283.72,-0.01
22,Apartment,Floriana,2,2,14,1.5,1.71,87.5,0.0,13.0,0.0,266000,350000,308000.0,750,2000,1200.0,17687.78,1473.98,60.0,60.0,120.0,-3527.78,-293.98,-0.01
401,Penthouse,Pender Place,3,2,6,2.0,2.5,150.0,78.33,68.0,18.33,899000,980000,939500.0,2900,4500,3600.0,53953.48,4496.12,180.0,180.0,360.0,-11473.48,-956.12,-0.01
4,Apartment,Balzan,2,14,16,1.71,1.69,78.57,3.12,11.21,3.12,240000,385000,262571.43,650,2500,1003.12,15078.92,1256.58,50.16,50.16,100.31,-3242.1,-270.18,-0.01
69,Apartment,Hamrun,2,58,15,1.62,1.07,82.34,9.33,8.07,3.33,108000,245000,193508.62,650,1200,826.67,11112.79,926.07,41.33,41.33,82.67,-1358.08,-113.17,-0.01
489,Townhouse,Rabat,2,6,4,2.0,2.25,90.83,0.0,24.67,0.0,238000,470000,326333.33,850,2100,1225.0,18740.63,1561.72,61.25,61.25,122.5,-4285.63,-357.14,-0.01
273,Maisonette,Manikata,3,2,4,3.0,2.0,118.0,0.0,18.0,0.0,264000,264000,264000.0,900,1000,950.0,15160.96,1263.41,47.5,47.5,95.0,-3950.96,-329.25,-0.01
70,Apartment,Hamrun,3,13,11,1.62,1.91,112.77,35.45,13.85,1.36,133000,257000,207000.0,800,1000,900.0,11887.57,990.63,45.0,45.0,90.0,-1267.57,-105.63,-0.01
66,Apartment,Gzira,3,68,180,1.96,2.08,94.9,4.52,10.53,0.78,225000,2500000,353433.82,67,5500,1275.57,20296.95,1691.41,63.78,63.78,127.56,-5245.23,-437.1,-0.01
398,Penthouse,Naxxar,1,2,9,0.5,1.33,62.0,0.0,81.0,0.0,275000,295000,285000.0,700,2200,1120.0,16366.94,1363.91,56.0,56.0,112.0,-3150.94,-262.58,-0.01
506,Townhouse,Zebbug,3,10,3,2.0,2.33,106.3,0.0,56.4,0.0,239000,980000,492900.0,1000,3000,1900.0,28306.2,2358.85,95.0,95.0,190.0,-5886.2,-490.52,-0.01
65,Apartment,Gzira,2,79,422,1.86,1.68,87.92,3.37,10.49,0.36,195000,595000,264260.57,45,2500,1099.77,15175.92,1264.66,54.99,54.99,109.98,-2198.64,-183.22,-0.01
396,Penthouse,Msida,2,15,69,1.8,1.74,67.27,5.28,33.13,6.45,196000,350000,285800.0,96,2000,1143.06,16412.89,1367.74,57.15,57.15,114.31,-2924.78,-243.73,-0.01
64,Apartment,Gzira,1,31,245,1.23,1.09,58.68,1.17,7.68,0.21,165000,595000,251870.97,70,2500,966.47,14464.41,1205.37,48.32,48.32,96.65,-3060.07,-255.01,-0.01
61,Apartment,Guardamangia,3,7,17,2.29,2.06,106.86,0.0,14.57,0.0,235000,350000,265000.0,900,1550,1100.0,15218.39,1268.2,55.0,55.0,110.0,-2238.39,-186.53,-0.01
395,Penthouse,Msida,1,20,43,1.35,1.3,61.05,2.56,38.85,2.79,180000,290000,231015.0,650,1600,959.3,13266.7,1105.56,47.96,47.96,95.93,-1946.96,-162.25,-0.01
60,Apartment,Guardamangia,2,15,20,1.73,1.85,79.13,3.5,7.53,0.5,195000,250000,226400.0,850,1300,930.0,13001.67,1083.47,46.5,46.5,93.0,-2027.67,-168.97,-0.01
7,Apartment,Birkirkara,1,4,4,1.25,1.5,58.5,2.5,9.0,2.5,183000,212000,199250.0,650,850,750.0,11442.5,953.54,37.5,37.5,75.0,-2592.5,-216.04,-0.01
55,Apartment,Gozo - Xlendi,1,4,8,1.25,1.0,60.0,7.5,13.75,6.25,145000,160000,152125.0,450,1000,553.75,8736.21,728.02,27.69,27.69,55.38,-2201.96,-183.5,-0.01
8,Apartment,Birkirkara,2,47,74,1.66,1.78,88.28,0.0,8.51,0.0,196000,305000,229553.19,650,1400,942.36,13182.75,1098.56,47.12,47.12,94.24,-2062.9,-171.91,-0.01
77,Apartment,Kappara,2,7,46,1.86,1.96,94.71,0.0,15.14,0.0,240000,385000,309142.86,700,1750,1135.76,17753.42,1479.45,56.79,56.79,113.58,-4351.45,-362.62,-0.01
298,Maisonette,Qrendi,2,3,3,1.33,1.67,59.33,0.0,27.0,0.0,255000,277000,266166.67,700,850,766.67,15285.39,1273.78,38.33,38.33,76.67,-6238.68,-519.89,-0.02
299,Maisonette,Rabat,3,3,6,2.33,1.83,168.33,0.0,31.33,0.0,340000,385000,368333.33,800,1500,1025.0,21152.6,1762.72,51.25,51.25,102.5,-9057.6,-754.8,-0.02
306,Maisonette,Sliema,2,8,53,1.75,1.64,73.75,3.68,10.75,0.57,280000,585000,368250.0,700,2700,1145.85,21147.81,1762.32,57.29,57.29,114.58,-7626.78,-635.57,-0.02
310,Maisonette,St Paul's Bay,1,3,8,1.33,1.0,89.0,0.0,36.33,0.0,175000,255000,215000.0,650,750,678.12,12346.99,1028.92,33.91,33.91,67.81,-4345.18,-362.1,-0.02
247,Maisonette,Floriana,2,3,4,1.33,1.25,79.33,0.0,4.67,0.0,190000,450000,321666.67,750,1500,1087.5,18472.63,1539.39,54.38,54.38,108.75,-5640.13,-470.01,-0.02
300,Maisonette,San Gwann,2,3,10,2.33,1.7,100.33,0.0,31.33,0.0,189000,388000,298666.67,800,1500,1052.5,17151.79,1429.32,52.62,52.62,105.25,-4732.29,-394.36,-0.02
301,Maisonette,San Gwann,3,3,11,2.33,2.09,125.0,0.0,40.67,0.0,310000,480000,398333.33,800,2800,1245.45,22875.44,1906.29,62.27,62.27,124.55,-8179.13,-681.59,-0.02
309,Maisonette,St Julian's,3,4,36,2.0,2.31,146.25,0.0,41.5,0.0,320000,700000,498750.0,750,4000,1455.56,28642.15,2386.85,72.78,72.78,145.56,-11466.54,-955.55,-0.02
251,Maisonette,Ghaxaq,3,8,4,1.5,1.75,120.5,0.0,33.12,0.0,260000,383000,311375.0,700,1350,975.0,17881.6,1490.13,48.75,48.75,97.5,-6376.6,-531.38,-0.02
250,Maisonette,Ghaxaq,2,4,3,1.75,1.33,95.0,28.0,19.0,2.0,215000,240000,231250.0,650,850,750.0,13280.2,1106.68,37.5,37.5,75.0,-4430.2,-369.18,-0.02
305,Maisonette,Sliema,1,3,43,1.33,1.16,68.33,6.79,2.33,1.23,240000,310000,272666.67,700,1350,869.77,15658.67,1304.89,43.49,43.49,86.98,-5395.38,-449.62,-0.02
248,Maisonette,Gharghur,2,3,8,1.0,1.62,96.33,13.75,29.67,21.25,245000,399000,328333.33,800,1200,1055.0,18855.48,1571.29,52.75,52.75,105.5,-6406.48,-533.87,-0.02
307,Maisonette,Sliema,3,6,19,2.17,2.26,78.67,0.0,12.0,0.0,320000,890000,538333.33,1000,2500,1592.11,30915.34,2576.28,79.61,79.61,159.21,-12128.44,-1010.7,-0.02
252,Maisonette,Gozo - Ghajnsielem,2,2,9,2.5,1.22,114.5,0.0,23.5,0.0,155000,215000,185000.0,450,600,527.78,10624.16,885.35,26.39,26.39,52.78,-4396.35,-366.36,-0.02
263,Maisonette,Hamrun,2,8,4,1.62,1.5,98.12,0.0,37.0,0.0,159000,320000,249087.5,700,1000,850.0,14304.56,1192.05,42.5,42.5,85.0,-4274.56,-356.21,-0.02
297,Maisonette,Qormi,3,22,5,2.05,1.8,124.91,0.0,29.32,0.0,225000,850000,325136.36,900,1400,1070.0,18671.89,1555.99,53.5,53.5,107.0,-6045.89,-503.82,-0.02
1,Apartment,Attard,3,39,79,2.05,2.15,126.46,5.92,15.77,1.37,240000,420000,321692.31,750,1600,1082.03,18474.1,1539.51,54.1,54.1,108.2,-5706.15,-475.51,-0.02
275,Maisonette,Marsascala,3,29,33,2.0,1.88,123.1,12.97,37.69,2.91,220000,395000,307724.14,200,3500,1004.76,17671.94,1472.66,50.24,50.24,100.48,-5815.77,-484.65,-0.02
277,Maisonette,Marsaxlokk,3,10,6,1.9,2.17,128.6,0.0,44.2,0.0,295000,390000,330600.0,700,1200,950.0,18985.65,1582.14,47.5,47.5,95.0,-7775.65,-647.97,-0.02
278,Maisonette,Mellieha,2,7,21,2.0,1.48,86.43,0.0,22.57,0.0,225000,313000,262857.14,650,1500,895.24,15095.33,1257.94,44.76,44.76,89.52,-4531.49,-377.62,-0.02
279,Maisonette,Mellieha,3,24,35,2.17,1.94,123.58,5.14,30.54,0.46,245000,510000,346666.67,700,3000,999.71,19908.33,1659.03,49.99,49.99,99.97,-8111.75,-675.98,-0.02
282,Maisonette,Mosta,1,3,2,1.33,1.0,66.67,0.0,1.67,0.0,170000,218000,201666.67,650,700,675.0,11581.29,965.11,33.75,33.75,67.5,-3616.29,-301.36,-0.02
283,Maisonette,Mosta,2,14,11,1.86,1.64,103.86,0.91,18.64,0.91,183000,372000,273607.14,700,1700,959.09,15712.68,1309.39,47.95,47.95,95.91,-4395.41,-366.28,-0.02
274,Maisonette,Marsascala,2,14,32,2.0,1.72,105.43,13.88,37.14,1.56,215000,372000,265214.29,42,1200,748.34,15230.69,1269.22,37.42,37.42,74.83,-6400.28,-533.36,-0.02
285,Maisonette,Msida,2,9,15,1.67,1.73,89.0,0.0,13.44,0.0,153800,380000,251366.67,700,1100,886.67,14435.45,1202.95,44.33,44.33,88.67,-3972.75,-331.06,-0.02
287,Maisonette,Naxxar,2,4,14,2.0,1.71,109.75,6.43,23.75,0.0,266000,325000,299000.0,700,1200,875.0,17170.93,1430.91,43.75,43.75,87.5,-6845.93,-570.49,-0.02
272,Maisonette,Luqa,3,3,9,1.33,2.0,106.33,16.89,14.67,1.11,245000,387000,337333.33,700,1300,933.33,19372.33,1614.36,46.67,46.67,93.33,-8359.04,-696.59,-0.02
288,Maisonette,Naxxar,3,5,26,2.0,1.92,123.8,12.69,28.8,3.08,295000,439000,361800.0,750,2200,1148.08,20777.4,1731.45,57.4,57.4,114.81,-7230.06,-602.5,-0.02
268,Maisonette,Kappara,2,2,11,2.5,1.45,102.5,0.0,35.5,0.0,290000,450000,370000.0,700,1700,1090.91,21248.31,1770.69,54.55,54.55,109.09,-8375.57,-697.96,-0.02
291,Maisonette,Pembroke,3,3,11,1.67,2.09,115.33,0.0,32.0,0.0,375000,460000,431666.67,1000,2000,1495.45,24789.7,2065.81,74.77,74.77,149.55,-7143.39,-595.28,-0.02
266,Maisonette,Iklin,3,6,2,2.17,2.5,100.0,0.0,19.17,0.0,342000,480000,398333.33,1000,1250,1125.0,22875.44,1906.29,56.25,56.25,112.5,-9600.44,-800.04,-0.02
265,Maisonette,Iklin,2,5,3,2.0,1.33,112.6,0.0,30.8,0.0,265000,360000,317600.0,750,1100,883.33,18239.09,1519.92,44.17,44.17,88.33,-7815.8,-651.32,-0.02
264,Maisonette,Hamrun,3,6,2,1.83,2.0,130.0,0.0,31.83,0.0,244000,499999,305583.17,750,1150,950.0,17548.99,1462.42,47.5,47.5,95.0,-6338.99,-528.25,-0.02
276,Maisonette,Marsaxlokk,2,9,2,1.67,2.0,91.11,0.0,24.0,0.0,213000,286000,240555.56,700,750,725.0,13814.59,1151.22,36.25,36.25,72.5,-5259.59,-438.3,-0.02
261,Maisonette,Gzira,3,9,10,1.56,2.2,79.67,0.0,9.67,0.0,265000,695000,418111.11,900,1800,1400.0,24011.23,2000.94,70.0,70.0,140.0,-7491.23,-624.27,-0.02
260,Maisonette,Gzira,2,10,29,1.5,1.59,101.5,0.34,41.5,0.34,238000,750000,358100.0,695,1400,1020.52,20564.92,1713.74,51.03,51.03,102.05,-8522.78,-710.23,-0.02
295,Maisonette,Qawra,3,11,20,1.73,1.95,118.73,8.5,40.27,0.0,235000,305000,276636.36,700,1600,985.0,15886.64,1323.89,49.25,49.25,98.5,-4263.64,-355.3,-0.02
259,Maisonette,Gzira,1,4,21,1.25,1.1,60.25,2.29,12.0,0.71,165000,350000,235000.0,650,1100,829.76,13495.55,1124.63,41.49,41.49,82.98,-3704.38,-308.7,-0.02
0,Apartment,Attard,2,15,33,1.87,1.85,92.33,7.7,10.67,0.45,223000,389000,271333.33,700,1400,922.73,15582.1,1298.51,46.14,46.14,92.27,-4693.88,-391.16,-0.02
354,Penthouse,Gozo - Ghajnsielem,1,3,4,1.33,1.25,47.33,0.0,11.67,0.0,165000,180000,171666.67,450,900,575.0,9858.45,821.54,28.75,28.75,57.5,-3073.45,-256.12,-0.02
311,Maisonette,St Paul's Bay,2,15,27,1.6,1.44,81.67,0.0,19.07,0.0,175000,499000,268938.67,60,1650,830.0,15444.58,1287.05,41.5,41.5,83.0,-5650.58,-470.88,-0.02
431,Penthouse,Swatar,2,4,27,2.0,1.67,0.0,0.0,5.75,0.0,266000,309000,285000.0,750,1300,987.04,16366.94,1363.91,49.35,49.35,98.7,-4719.87,-393.32,-0.02
427,Penthouse,St Julian's,3,10,45,2.4,2.18,126.2,11.89,20.8,3.27,285000,1275000,697500.0,900,4500,2084.44,40055.94,3338.0,104.22,104.22,208.44,-15459.55,-1288.3,-0.02
419,Penthouse,Santa Venera,3,7,7,1.57,2.0,117.57,0.0,39.57,0.0,195000,499000,351571.43,850,1500,1157.14,20190.0,1682.5,57.86,57.86,115.71,-6535.75,-544.65,-0.02
418,Penthouse,Santa Venera,2,8,10,1.38,1.9,82.38,0.0,24.75,0.0,215000,400000,266125.0,750,1200,937.5,15282.99,1273.58,46.88,46.88,93.75,-4220.49,-351.71,-0.02
414,Penthouse,San Gwann,2,11,36,1.73,1.81,82.09,4.17,31.18,3.83,265000,550000,371090.91,750,2000,1147.22,21310.96,1775.91,57.36,57.36,114.72,-7773.76,-647.81,-0.02
413,Penthouse,San Gwann,1,6,14,1.0,1.14,54.33,0.0,49.67,0.0,235000,330000,271666.67,700,1200,850.0,15601.24,1300.1,42.5,42.5,85.0,-5571.24,-464.27,-0.02
410,Penthouse,Qrendi,2,5,2,1.4,1.5,70.6,0.0,48.8,0.0,265000,349000,310200.0,900,1000,950.0,17814.13,1484.51,47.5,47.5,95.0,-6604.13,-550.34,-0.02
408,Penthouse,Qormi,2,15,6,1.73,1.83,80.6,0.0,34.07,0.0,212000,400000,286046.67,800,1100,958.33,16427.05,1368.92,47.92,47.92,95.83,-5118.76,-426.56,-0.02
407,Penthouse,Qormi,1,4,2,1.75,1.0,86.0,0.0,24.5,0.0,207000,320000,243000.0,725,750,737.5,13954.97,1162.91,36.88,36.88,73.75,-5252.47,-437.71,-0.02
404,Penthouse,Qawra,1,6,8,1.33,1.25,61.67,0.0,27.5,0.0,205000,290000,267000.0,750,1000,912.5,15333.24,1277.77,45.62,45.62,91.25,-4565.74,-380.48,-0.02
399,Penthouse,Naxxar,2,4,29,2.25,1.79,90.5,7.31,54.5,2.76,325000,440000,377500.0,700,1900,1169.83,21679.02,1806.59,58.49,58.49,116.98,-7875.03,-656.25,-0.02
397,Penthouse,Msida,3,2,42,2.0,2.1,117.0,13.95,81.0,7.02,480000,550000,515000.0,700,3500,1473.81,29575.35,2464.61,73.69,73.69,147.38,-12184.4,-1015.37,-0.02
394,Penthouse,Mosta,3,19,23,2.53,2.17,112.32,42.26,44.47,14.35,350000,685000,465842.11,700,2700,1486.96,26752.32,2229.36,74.35,74.35,148.7,-9206.19,-767.18,-0.02
393,Penthouse,Mosta,2,25,29,1.8,1.69,77.0,5.34,29.0,4.07,220000,585000,375740.0,750,1950,1112.93,21577.95,1798.16,55.65,55.65,111.29,-8445.37,-703.78,-0.02
392,Penthouse,Mosta,1,6,8,1.33,1.0,63.17,0.0,46.33,0.0,230000,320000,269666.67,650,950,785.0,15486.38,1290.53,39.25,39.25,78.5,-6223.38,-518.62,-0.02
387,Penthouse,Mellieha,1,4,11,1.5,1.18,68.5,0.0,35.25,0.0,215000,420000,317250.0,600,1200,875.45,18218.99,1518.25,43.77,43.77,87.55,-7888.68,-657.39,-0.02
428,Penthouse,St Paul's Bay,1,10,21,1.2,1.19,54.5,3.81,32.6,0.0,200000,532000,273400.0,650,1500,811.9,15700.78,1308.4,40.6,40.6,81.19,-6120.36,-510.03,-0.02
433,Penthouse,Swieqi,1,4,22,1.25,1.14,64.5,7.73,26.75,4.36,275000,365000,316250.0,700,1650,1121.59,18161.56,1513.46,56.08,56.08,112.16,-4926.8,-410.57,-0.02
385,Penthouse,Marsascala,3,13,23,2.31,1.87,101.77,0.0,24.77,17.39,372000,660000,451384.62,700,3300,1472.61,25922.06,2160.17,73.63,73.63,147.26,-8545.26,-712.1,-0.02
434,Penthouse,Swieqi,2,13,56,1.85,1.95,96.46,5.64,29.15,1.75,305000,635000,463000.0,800,2200,1427.68,26589.1,2215.76,71.38,71.38,142.77,-9742.48,-811.87,-0.02
496,Townhouse,Sliema,2,6,31,2.17,1.74,131.5,6.94,36.83,3.55,390000,648000,489333.33,700,3500,1393.55,28101.37,2341.78,69.68,69.68,139.35,-11657.48,-971.46,-0.02
487,Townhouse,Paola,2,4,4,1.75,1.25,93.75,0.0,14.0,0.0,270000,340000,303750.0,900,1200,1050.0,17443.72,1453.64,52.5,52.5,105.0,-5053.72,-421.14,-0.02
486,Townhouse,Naxxar,3,3,4,1.33,2.5,151.33,0.0,34.67,0.0,395000,618000,487666.67,1200,1600,1362.5,28005.66,2333.8,68.12,68.12,136.25,-11928.16,-994.01,-0.02
480,Townhouse,Cospicua,4,5,2,3.0,3.0,140.8,62.5,23.8,40.0,325000,990000,588800.0,1700,1800,1750.0,33813.53,2817.79,87.5,87.5,175.0,-13163.53,-1096.96,-0.02
479,Townhouse,Cospicua,3,13,4,2.0,2.5,149.92,0.25,25.69,0.25,175000,639000,468000.0,950,1600,1400.0,26876.24,2239.69,70.0,70.0,140.0,-10356.24,-863.02,-0.02
476,Townhouse,Birkirkara,3,17,4,1.71,2.75,122.18,0.0,34.47,0.0,199000,800000,458352.94,1000,2000,1475.0,26322.23,2193.52,73.75,73.75,147.5,-8917.23,-743.1,-0.02
475,Townhouse,Birkirkara,2,7,4,1.57,3.0,118.43,0.0,17.43,0.0,239000,355000,307000.0,800,1300,995.0,17630.36,1469.2,49.75,49.75,99.5,-5889.36,-490.78,-0.02
461,Terraced House,Gozo - Nadur,3,6,4,3.17,2.25,119.5,0.0,33.33,0.0,285000,515000,346666.67,850,1350,1087.5,19908.33,1659.03,54.38,54.38,108.75,-7075.83,-589.65,-0.02
454,Penthouse Duplex,Swieqi,3,3,3,2.0,2.0,75.0,0.0,31.33,0.0,435000,590000,508333.33,1400,1800,1566.67,29192.5,2432.71,78.33,78.33,156.67,-10705.79,-892.15,-0.02
450,Penthouse Duplex,Sliema,2,4,13,1.25,2.0,100.25,18.69,47.25,5.0,395000,795000,571250.0,1100,3000,1876.92,32805.67,2733.81,93.85,93.85,187.69,-10658.02,-888.17,-0.02
445,Penthouse,Zejtun,2,8,2,2.0,1.5,95.12,0.0,37.25,0.0,255000,329000,288000.0,750,850,800.0,16539.23,1378.27,40.0,40.0,80.0,-7099.23,-591.6,-0.02
443,Penthouse,Zebbug,2,8,10,1.75,2.0,99.62,13.5,38.25,17.5,271000,370000,318875.0,750,1500,1045.0,18312.31,1526.03,52.25,52.25,104.5,-5981.31,-498.44,-0.02
441,Penthouse,Zabbar,2,23,5,1.61,1.6,93.17,0.0,48.17,0.0,196700,462500,285843.48,800,1300,1020.0,16415.38,1367.95,51.0,51.0,102.0,-4379.38,-364.95,-0.02
439,Penthouse,Valletta,2,2,6,1.5,2.0,59.0,30.33,12.5,16.67,1200000,1290000,1245000.0,2000,6000,3625.0,71497.7,5958.14,181.25,181.25,362.5,-28722.7,-2393.56,-0.02
436,Penthouse,Ta' l-Ibragg,2,2,19,2.0,1.95,82.5,0.0,41.0,0.0,450000,650000,550000.0,1050,2400,1623.68,31585.33,2632.11,81.18,81.18,162.37,-12425.91,-1035.49,-0.02
386,Penthouse,Marsaxlokk,2,10,7,1.0,1.71,102.7,0.0,54.5,0.0,300000,446500,354150.0,800,1500,1157.14,20338.08,1694.84,57.86,57.86,115.71,-6683.83,-556.99,-0.02
384,Penthouse,Marsascala,2,19,36,1.74,1.5,90.11,4.67,40.68,3.39,245000,478000,342684.21,650,1500,997.22,19679.62,1639.97,49.86,49.86,99.72,-7912.43,-659.37,-0.02
312,Maisonette,St Paul's Bay,3,9,9,2.22,1.78,112.22,0.0,29.89,0.0,230000,700000,333888.89,750,1750,1027.78,19174.53,1597.88,51.39,51.39,102.78,-7046.72,-587.23,-0.02
339,Penthouse,Balzan,3,10,5,1.9,3.0,135.6,2.0,45.3,2.0,360000,625000,468800.0,750,2500,1540.0,26922.19,2243.52,77.0,77.0,154.0,-8750.19,-729.18,-0.02
334,Maisonette Semi-detached,Swieqi,3,2,3,2.5,2.33,172.5,0.0,129.0,0.0,495000,950000,722500.0,1600,3000,2066.67,41491.64,3457.64,103.33,103.33,206.67,-17104.93,-1425.41,-0.02
331,Maisonette Duplex,Bugibba,3,2,2,2.5,2.0,136.0,0.0,30.0,0.0,290000,290000,290000.0,700,1000,850.0,16654.08,1387.84,42.5,42.5,85.0,-6624.08,-552.01,-0.02
330,Maisonette,Zurrieq,3,6,9,2.5,2.0,125.0,32.89,23.83,13.11,239000,399000,307000.0,650,2000,955.56,17630.36,1469.2,47.78,47.78,95.56,-6354.75,-529.56,-0.02
329,Maisonette,Zurrieq,2,4,2,2.0,1.5,107.5,66.5,22.0,3.0,202000,405000,285500.0,675,900,787.5,16395.66,1366.3,39.38,39.38,78.75,-7103.16,-591.93,-0.02
327,Maisonette,Zejtun,2,3,6,1.33,1.83,70.33,0.0,10.0,0.0,184500,266000,215500.0,700,800,716.67,12375.71,1031.31,35.83,35.83,71.67,-3919.0,-326.58,-0.02
326,Maisonette,Zebbug,3,7,20,2.0,1.85,108.14,5.0,30.29,5.0,277000,450000,360642.86,800,1200,1005.0,20710.95,1725.91,50.25,50.25,100.5,-8851.95,-737.66,-0.02
325,Maisonette,Zebbug,2,9,6,1.56,1.67,114.0,0.0,34.22,0.0,255000,410000,331666.67,750,1200,933.33,19046.91,1587.24,46.67,46.67,93.33,-8033.62,-669.47,-0.02
324,Maisonette,Zabbar,3,18,8,1.72,1.75,108.44,0.0,21.0,0.0,202000,430000,290611.11,700,1000,831.25,16689.18,1390.76,41.56,41.56,83.12,-6880.43,-573.37,-0.02
322,Maisonette,Xghajra,3,6,3,1.5,2.0,91.33,0.0,14.67,0.0,256000,400000,296333.33,800,1200,933.33,17017.79,1418.15,46.67,46.67,93.33,-6004.5,-500.37,-0.02
320,Maisonette,Valletta,2,2,6,2.0,1.67,42.5,0.0,0.0,0.0,320000,600000,460000.0,750,2500,1333.33,26416.82,2201.4,66.67,66.67,133.33,-10683.53,-890.29,-0.02
318,Maisonette,Tarxien,2,4,2,1.75,2.0,93.25,0.0,24.0,0.0,255000,270000,261500.0,850,850,850.0,15017.39,1251.45,42.5,42.5,85.0,-4987.39,-415.62,-0.02
317,Maisonette,Ta' l-Ibragg,3,9,34,1.89,2.06,124.44,4.71,27.33,0.0,350000,535000,443777.78,700,2000,1346.53,25485.21,2123.77,67.33,67.33,134.65,-9596.16,-799.68,-0.02
315,Maisonette,Swieqi,2,4,55,1.75,1.71,76.25,1.85,19.0,0.0,321000,375000,347750.0,115,2000,1216.18,19970.54,1664.21,60.81,60.81,121.62,-5619.62,-468.3,-0.02
314,Maisonette,Swatar,3,8,17,1.88,2.0,119.88,7.06,35.62,0.59,335000,361500,344812.5,800,1350,1044.12,19801.85,1650.15,52.21,52.21,104.41,-7481.23,-623.44,-0.02
313,Maisonette,Swatar,2,5,19,2.0,1.79,0.0,1.05,9.2,1.05,287000,303000,296600.0,700,1200,907.89,17033.11,1419.43,45.39,45.39,90.79,-6320.0,-526.67,-0.02
336,Penthouse,Attard,2,7,11,2.0,2.18,99.86,0.0,27.14,0.0,297500,425000,361214.29,750,1900,1227.27,20743.77,1728.65,61.36,61.36,122.73,-6261.98,-521.83,-0.02
342,Penthouse,Birkirkara,3,14,12,2.21,2.0,122.79,18.33,38.64,2.92,260000,495000,368857.14,900,2000,1166.67,21182.68,1765.22,58.33,58.33,116.67,-7415.97,-618.0,-0.02
381,Penthouse,Luqa,3,3,2,1.33,2.0,78.0,0.0,17.0,0.0,288000,535000,377333.33,1000,1100,1050.0,21669.45,1805.79,52.5,52.5,105.0,-9279.45,-773.29,-0.02
345,Penthouse,Bugibba,2,9,23,1.44,1.74,88.78,0.0,42.0,0.0,265800,457000,325866.67,650,2500,972.83,18713.83,1559.49,48.64,48.64,97.28,-7234.44,-602.87,-0.02
380,Penthouse,Luqa,2,10,3,1.7,1.67,71.0,0.0,20.6,0.0,215000,372000,282800.0,800,900,866.67,16240.6,1353.38,43.33,43.33,86.67,-6013.9,-501.16,-0.02
379,Penthouse,Kappara,2,2,3,2.0,2.0,114.5,0.0,67.0,0.0,360000,390000,375000.0,1150,1400,1316.67,21535.45,1794.62,65.83,65.83,131.67,-5998.75,-499.9,-0.02
378,Penthouse,Kappara,1,2,3,2.0,1.0,26.5,25.0,16.0,26.67,245000,352000,298500.0,700,1100,933.33,17142.22,1428.52,46.67,46.67,93.33,-6128.93,-510.74,-0.02
377,Penthouse,Kalkara,2,4,2,1.75,1.5,84.75,0.5,40.5,0.5,293000,375000,330250.0,900,1200,1050.0,18965.55,1580.46,52.5,52.5,105.0,-6575.55,-547.96,-0.02
376,Penthouse,Iklin,2,2,3,1.5,2.33,66.0,0.0,38.0,0.0,292000,295000,293500.0,850,1350,1033.33,16855.08,1404.59,51.67,51.67,103.33,-4661.79,-388.48,-0.02
372,Penthouse,Gzira,3,10,25,2.4,2.04,97.3,11.8,51.5,4.8,300000,1050000,548400.0,1000,3000,1664.0,31493.44,2624.45,83.2,83.2,166.4,-11858.24,-988.19,-0.02
371,Penthouse,Gzira,2,17,70,1.47,1.7,86.18,6.71,31.71,2.74,280000,950000,385352.94,70,2200,1192.21,22130.0,1844.17,59.61,59.61,119.22,-8061.92,-671.83,-0.02
367,Penthouse,Gozo - Xewkija,3,2,2,3.0,2.0,129.5,0.0,28.0,0.0,160000,325000,242500.0,700,700,700.0,13926.26,1160.52,35.0,35.0,70.0,-5666.26,-472.19,-0.02
365,Penthouse,Gozo - Xaghra,2,4,11,2.0,1.91,81.0,0.0,19.0,22.73,185000,355000,255500.0,600,1400,877.27,14672.82,1222.74,43.86,43.86,87.73,-4321.04,-360.09,-0.02
364,Penthouse,Gozo - Victoria,3,6,2,2.67,2.5,87.33,0.0,38.33,0.0,175000,500000,330833.33,700,1200,950.0,18999.05,1583.25,47.5,47.5,95.0,-7789.05,-649.09,-0.02
363,Penthouse,Gozo - Victoria,2,7,14,2.29,1.71,88.86,0.0,30.57,0.0,180000,330000,262428.57,550,1200,764.29,15070.71,1255.89,38.21,38.21,76.43,-6052.09,-504.34,-0.02
361,Penthouse,Gozo - Sannat,2,5,8,1.6,1.62,87.6,0.0,29.0,0.0,155000,398000,232200.0,600,1000,715.62,13334.75,1111.23,35.78,35.78,71.56,-4890.44,-407.54,-0.02
357,Penthouse,Gozo - Marsalforn,2,4,9,2.25,1.78,90.5,0.44,23.0,0.0,234000,295000,259750.0,600,1100,788.89,14916.89,1243.07,39.44,39.44,78.89,-5607.99,-467.33,-0.02
243,Maisonette,Cospicua,2,2,4,1.0,1.0,69.5,0.0,16.5,0.0,202000,270000,236000.0,150,900,662.5,13552.98,1129.41,33.12,33.12,66.25,-5735.48,-477.96,-0.02
349,Penthouse,Fgura,2,21,5,1.81,1.4,81.95,0.0,42.71,0.0,194000,325000,258428.57,700,850,800.0,14841.0,1236.75,40.0,40.0,80.0,-5401.0,-450.08,-0.02
246,Maisonette,Fgura,3,28,3,1.57,1.0,112.68,0.0,28.07,0.0,213000,426000,285597.5,850,1000,933.33,16401.26,1366.77,46.67,46.67,93.33,-5387.96,-449.0,-0.02
257,Maisonette,Gozo - Xaghra,2,2,3,1.5,1.67,118.0,0.0,91.5,0.0,178000,230000,204000.0,450,750,583.33,11715.29,976.27,29.17,29.17,58.33,-4831.99,-402.67,-0.02
94,Apartment,Mellieha,3,119,169,2.29,2.19,153.08,6.93,20.94,0.98,235000,899000,411142.86,74,2600,1144.22,23611.06,1967.59,57.21,57.21,114.42,-10109.26,-842.44,-0.02
135,Apartment,Salina,3,2,8,1.0,1.75,108.5,0.0,20.0,0.0,245000,375000,310000.0,750,1500,937.5,17802.64,1483.55,46.88,46.88,93.75,-6740.14,-561.68,-0.02
35,Apartment,Gozo - Gharb,3,4,15,2.0,2.27,138.5,12.2,16.0,1.13,180000,250000,209250.0,500,1200,736.67,12016.78,1001.4,36.83,36.83,73.67,-3324.08,-277.01,-0.02
33,Apartment,Gozo - Ghajnsielem,3,20,46,2.25,1.98,121.15,8.11,12.3,3.98,140000,795000,232000.0,495,2000,664.57,13323.27,1110.27,33.23,33.23,66.46,-5481.34,-456.78,-0.02
31,Apartment,Gozo - Fontana,3,3,6,2.0,1.5,132.67,0.0,16.33,0.0,170000,230000,190666.67,550,800,658.33,10949.58,912.47,32.92,32.92,65.83,-3181.29,-265.11,-0.02
121,Apartment,Qawra,1,5,30,1.2,1.03,85.0,0.0,14.8,0.0,150000,310000,245100.0,550,1100,697.17,14075.57,1172.96,34.86,34.86,69.72,-5848.97,-487.41,-0.02
122,Apartment,Qawra,2,108,214,1.68,1.62,87.7,6.1,13.49,1.92,139000,371000,230583.33,600,1400,821.17,13241.91,1103.49,41.06,41.06,82.12,-3552.1,-296.01,-0.02
29,Apartment,Ghaxaq,3,30,15,2.0,1.93,113.43,14.0,12.63,0.2,220000,372000,260233.33,700,1200,920.0,14944.65,1245.39,46.0,46.0,92.0,-4088.65,-340.72,-0.02
28,Apartment,Ghaxaq,2,13,2,2.0,1.0,97.38,50.0,9.0,0.0,220000,245000,228923.08,700,750,725.0,13146.57,1095.55,36.25,36.25,72.5,-4591.57,-382.63,-0.02
124,Apartment,Qormi,1,10,3,1.4,1.0,73.6,0.0,10.2,0.0,150000,239000,191950.0,650,700,666.67,11023.28,918.61,33.33,33.33,66.67,-3156.57,-263.05,-0.02
128,Apartment,Qrendi,2,9,2,2.0,1.5,86.78,0.0,17.33,0.0,184000,300000,230555.56,650,750,700.0,13240.31,1103.36,35.0,35.0,70.0,-4980.31,-415.03,-0.02
129,Apartment,Qrendi,3,19,7,1.63,1.71,123.26,12.71,17.16,0.57,198000,425000,306157.89,700,950,850.0,17582.0,1465.17,42.5,42.5,85.0,-7552.0,-629.33,-0.02
131,Apartment,Rabat,2,14,16,1.93,1.69,93.64,17.5,9.93,3.12,230000,385000,269985.71,700,1150,859.38,15504.7,1292.06,42.97,42.97,85.94,-5364.02,-447.0,-0.02
27,Apartment,Gharghur,3,17,31,1.94,2.03,133.94,17.74,24.88,2.52,265000,1350000,494470.59,800,4000,1616.94,28396.39,2366.37,80.85,80.85,161.69,-9316.5,-776.38,-0.02
132,Apartment,Rabat,3,48,35,1.83,1.97,123.42,0.29,15.33,0.29,254000,615000,298531.25,650,3000,1053.71,17144.01,1428.67,52.69,52.69,105.37,-4710.24,-392.52,-0.02
134,Apartment,Safi,3,10,9,1.8,1.78,117.0,0.0,14.7,0.0,225000,298000,256500.0,650,950,805.56,14730.25,1227.52,40.28,40.28,80.56,-5224.64,-435.39,-0.02
140,Apartment,San Pawl tat Targa,3,14,13,2.0,2.0,117.21,6.92,14.79,0.38,345000,480000,447142.86,650,2000,1276.92,25678.46,2139.87,63.85,63.85,127.69,-10610.81,-884.23,-0.02
118,Apartment,Portomaso,1,10,41,1.1,1.24,75.6,1.12,9.1,0.49,375000,850000,572500.0,70,3500,1665.76,32877.46,2739.79,83.29,83.29,166.58,-13221.49,-1101.79,-0.02
145,Apartment,Siggiewi,2,5,10,2.0,1.4,69.2,0.0,10.0,0.0,189000,282000,238000.0,650,875,797.5,13667.83,1138.99,39.88,39.88,79.75,-4257.33,-354.78,-0.02
146,Apartment,Siggiewi,3,26,21,1.92,2.1,95.38,6.19,11.69,1.52,229000,340000,291746.15,700,1200,985.71,16754.36,1396.2,49.29,49.29,98.57,-5122.98,-426.92,-0.02
25,Apartment,Fort Cambridge,3,41,66,2.44,2.41,164.39,26.98,32.76,3.77,740000,1900000,1039073.17,2300,5750,3288.64,59671.76,4972.65,164.43,164.43,328.86,-20865.81,-1738.82,-0.02
147,Apartment,Sliema,1,19,309,1.37,1.14,46.68,0.8,13.16,0.14,225000,570000,316368.42,100,1800,956.8,18168.36,1514.03,47.84,47.84,95.68,-6878.12,-573.18,-0.02
148,Apartment,Sliema,2,68,998,1.93,1.78,91.46,4.04,9.9,0.58,250000,2500000,490470.59,50,5500,1379.82,28166.68,2347.22,68.99,68.99,137.98,-11884.81,-990.4,-0.02
150,Apartment,Sliema,4,13,85,2.31,2.86,155.15,2.35,19.23,0.06,525000,1705000,868076.92,110,6000,2392.09,49851.81,4154.32,119.6,119.6,239.21,-21625.15,-1802.1,-0.02
54,Apartment,Gozo - Xewkija,3,12,17,2.75,1.82,136.58,0.0,15.75,0.0,145000,250000,190208.33,500,800,646.76,10923.26,910.27,32.34,32.34,64.68,-3291.49,-274.29,-0.02
156,Apartment,St Paul's Bay,2,129,198,1.81,1.6,84.5,1.04,14.43,0.08,145000,550000,258706.67,100,2000,849.44,14856.97,1238.08,42.47,42.47,84.94,-4833.58,-402.8,-0.02
17,Apartment,Cospicua,1,3,2,1.0,1.0,55.67,21.0,0.0,0.0,157300,390000,249100.0,700,750,725.0,14305.28,1192.11,36.25,36.25,72.5,-5750.28,-479.19,-0.02
157,Apartment,St Paul's Bay,3,106,218,1.97,1.91,107.22,0.67,15.42,0.14,208000,990000,291386.79,150,2500,977.46,16733.72,1394.48,48.87,48.87,97.75,-5199.69,-433.31,-0.02
158,Apartment,St Paul's Bay,4,2,8,2.0,1.75,160.0,0.0,7.0,0.0,265000,385000,325000.0,800,1500,1118.75,18664.06,1555.34,55.94,55.94,111.88,-5462.81,-455.23,-0.02
160,Apartment,Swatar,3,20,56,1.9,2.0,122.3,5.18,17.6,1.07,250000,355000,304325.0,750,1300,1019.64,17476.74,1456.39,50.98,50.98,101.96,-5444.98,-453.75,-0.02
161,Apartment,Swieqi,1,4,85,1.25,1.2,75.0,2.58,12.0,0.59,213000,290000,250750.0,650,2000,882.18,14400.04,1200.0,44.11,44.11,88.22,-3990.31,-332.53,-0.02
162,Apartment,Swieqi,2,14,191,1.93,1.83,89.21,0.99,13.29,0.08,250000,530000,325500.0,650,2000,1147.91,18692.77,1557.73,57.4,57.4,114.79,-5147.43,-428.95,-0.02
36,Apartment,Gozo - Kercem,2,2,4,2.5,1.75,133.0,0.0,23.5,0.0,190000,255000,222500.0,500,700,612.5,12777.7,1064.81,30.62,30.62,61.25,-5550.2,-462.52,-0.02
37,Apartment,Gozo - Kercem,3,7,8,3.43,1.62,132.57,0.0,14.71,0.0,120000,310000,222857.14,450,900,634.38,12798.21,1066.52,31.72,31.72,63.44,-5312.53,-442.71,-0.02
164,Apartment,Swieqi,4,2,34,2.5,2.18,116.5,0.0,6.0,0.0,385000,410000,397500.0,900,2300,1372.06,22827.58,1902.3,68.6,68.6,137.21,-6637.27,-553.11,-0.02
82,Apartment,Luqa,3,17,11,1.65,1.91,132.65,0.0,16.35,0.0,255000,340000,286647.06,250,1250,818.18,16461.53,1371.79,40.91,40.91,81.82,-6807.01,-567.25,-0.02
47,Apartment,Gozo - Sannat,3,17,17,2.35,2.0,124.71,6.35,19.0,12.12,135000,398000,215411.76,500,1100,683.82,12370.64,1030.89,34.19,34.19,68.38,-4301.56,-358.46,-0.02
57,Apartment,Gozo - Xlendi,3,3,15,2.0,1.8,121.67,0.0,22.0,0.0,186000,285000,219666.67,450,2300,743.33,12614.99,1051.25,37.17,37.17,74.33,-3843.7,-320.31,-0.02
62,Apartment,Gudja,2,5,21,1.6,1.43,105.2,7.81,16.2,0.43,239500,287000,267700.0,700,1000,802.38,15373.44,1281.12,40.12,40.12,80.24,-5905.36,-492.11,-0.02
67,Apartment,Gzira,4,4,16,2.0,2.38,123.25,0.0,21.75,0.0,335000,490000,443750.0,800,2000,1450.0,25483.62,2123.63,72.5,72.5,145.0,-8373.62,-697.8,-0.02
71,Apartment,Iklin,2,23,9,1.83,1.67,73.91,0.0,10.87,0.0,232000,350000,266434.78,700,1200,922.22,15300.78,1275.07,46.11,46.11,92.22,-4418.59,-368.22,-0.02
72,Apartment,Iklin,3,11,26,2.0,2.12,78.27,1.92,14.82,1.92,260000,380000,333818.18,700,1250,1023.08,19170.47,1597.54,51.15,51.15,102.31,-7098.12,-591.51,-0.02
74,Apartment,Kalkara,2,29,17,1.62,1.65,89.0,0.0,13.07,0.0,185000,675000,300448.28,650,1300,852.94,17254.11,1437.84,42.65,42.65,85.29,-7189.41,-599.12,-0.02
75,Apartment,Kalkara,3,25,17,2.16,1.88,124.36,9.41,26.68,0.0,223000,1300000,406600.0,750,3000,1292.65,23350.17,1945.85,64.63,64.63,129.27,-8096.9,-674.74,-0.02
78,Apartment,Kappara,3,20,15,1.65,2.0,87.35,0.0,12.95,0.0,240000,425000,341750.0,850,1500,1183.33,19625.97,1635.5,59.17,59.17,118.33,-5662.68,-471.89,-0.02
79,Apartment,Kirkop,3,11,5,2.27,1.8,69.18,24.0,4.09,0.0,275000,370000,297272.73,700,1000,830.0,17071.74,1422.65,41.5,41.5,83.0,-7277.74,-606.48,-0.02
80,Apartment,Lija,3,6,27,2.0,1.96,130.67,9.07,17.67,0.74,340000,405000,365000.0,800,1600,1250.0,20961.17,1746.76,62.5,62.5,125.0,-6211.17,-517.6,-0.02
46,Apartment,Gozo - Sannat,2,16,6,1.81,1.67,90.06,0.0,10.31,0.0,120000,306000,165906.25,500,750,575.0,9527.64,793.97,28.75,28.75,57.5,-2742.64,-228.55,-0.02
43,Apartment,Gozo - Qala,2,8,21,1.88,1.67,93.12,0.0,24.25,0.0,160000,490000,240250.0,450,1200,660.71,13797.05,1149.75,33.04,33.04,66.07,-6000.67,-500.06,-0.02
42,Apartment,Gozo - Nadur,3,12,40,2.0,1.88,121.67,0.0,20.75,0.0,163000,315500,235833.33,450,1100,680.38,13543.41,1128.62,34.02,34.02,68.04,-5514.92,-459.58,-0.02
84,Apartment,Madliena,3,7,17,2.29,2.41,126.29,11.76,26.43,0.0,425000,1042000,792857.14,950,3500,2180.24,45532.1,3794.34,109.01,109.01,218.02,-19805.27,-1650.44,-0.02
38,Apartment,Gozo - Marsalforn,1,6,6,1.33,1.0,50.5,0.0,16.0,0.0,119000,285000,172833.33,450,550,500.0,9925.45,827.12,25.0,25.0,50.0,-4025.45,-335.45,-0.02
86,Apartment,Manikata,3,14,26,2.0,2.08,113.86,0.0,22.86,0.0,299000,440000,359428.57,600,1900,1157.69,20641.22,1720.1,57.88,57.88,115.77,-6980.48,-581.71,-0.02
89,Apartment,Marsascala,3,151,247,1.97,1.81,121.42,7.17,16.26,0.42,198000,585000,305873.51,55,2000,943.68,17565.66,1463.81,47.18,47.18,94.37,-6430.24,-535.85,-0.02
91,Apartment,Marsaxlokk,3,45,21,1.69,2.0,117.8,5.95,16.31,6.95,198000,480000,267948.89,700,1200,892.86,15387.73,1282.31,44.64,44.64,89.29,-4851.99,-404.33,-0.02
93,Apartment,Mellieha,2,69,149,1.68,1.77,91.22,1.91,10.12,0.13,183000,575000,267702.9,83,1950,886.76,15373.61,1281.13,44.34,44.34,88.68,-4909.84,-409.15,-0.02
95,Apartment,Mgarr,2,7,20,2.14,1.55,113.29,4.0,13.86,0.0,222000,265000,236357.14,650,1250,832.5,13573.49,1131.12,41.62,41.62,83.25,-3749.99,-312.5,-0.02
97,Apartment,Mosta,1,6,11,1.67,1.18,49.5,0.0,2.5,0.0,185000,249000,219333.33,650,850,720.45,12595.85,1049.65,36.02,36.02,72.04,-4094.54,-341.21,-0.02
99,Apartment,Mosta,3,112,138,2.04,2.04,101.76,6.6,16.43,1.75,209000,488000,329227.68,700,1650,998.22,18906.84,1575.57,49.91,49.91,99.82,-7127.85,-593.99,-0.02
100,Apartment,Mosta,4,3,6,2.67,2.0,176.67,0.0,16.0,0.0,330000,350000,340000.0,800,1400,1125.0,19525.48,1627.12,56.25,56.25,112.5,-6250.48,-520.87,-0.02
101,Apartment,Mqabba,3,9,4,2.0,2.0,107.22,0.0,18.78,0.0,215000,399000,276444.44,750,900,837.5,15875.62,1322.97,41.88,41.88,83.75,-5993.12,-499.43,-0.02
105,Apartment,Naxxar,2,16,66,2.06,1.77,93.12,1.45,16.12,0.02,240000,335000,281000.0,700,2000,985.45,16137.23,1344.77,49.27,49.27,98.55,-4508.92,-375.74,-0.02
106,Apartment,Naxxar,3,32,95,1.94,1.99,111.62,4.42,12.0,1.05,250000,450000,313000.0,700,1600,1030.0,17974.92,1497.91,51.5,51.5,103.0,-5820.92,-485.08,-0.02
40,Apartment,Gozo - Marsalforn,3,8,78,2.12,1.88,57.62,0.0,22.75,0.0,150000,280000,219125.0,450,1300,679.87,12583.88,1048.66,33.99,33.99,67.99,-4561.42,-380.12,-0.02
110,Apartment,Pembroke,2,3,11,2.0,1.64,100.33,10.91,24.0,0.0,345000,350000,346666.67,800,1600,1204.55,19908.33,1659.03,60.23,60.23,120.46,-5694.64,-474.55,-0.02
39,Apartment,Gozo - Marsalforn,2,8,77,1.25,1.4,78.5,0.0,11.38,0.0,144000,268000,187437.5,450,1100,606.43,10764.14,897.01,30.32,30.32,60.64,-3608.26,-300.69,-0.02
163,Apartment,Swieqi,3,54,330,2.02,2.06,123.28,10.12,13.87,1.77,290000,570000,393425.93,90,2500,1395.82,22593.61,1882.8,69.79,69.79,139.58,-6122.94,-510.24,-0.02
52,Apartment,Gozo - Xaghra,3,18,38,2.28,2.0,129.61,3.34,17.89,1.16,151000,365000,198944.44,450,1100,653.82,11424.96,952.08,32.69,32.69,65.38,-3709.88,-309.16,-0.02
191,Apartment,Zurrieq,3,14,23,1.71,1.96,112.5,11.78,9.36,0.57,223000,295000,264307.14,55,1200,823.7,15178.6,1264.88,41.18,41.18,82.37,-5458.94,-454.91,-0.02
190,Apartment,Zurrieq,2,22,17,1.59,1.41,89.09,7.06,11.36,0.35,190000,360000,254177.27,700,1000,773.53,14596.86,1216.4,38.68,38.68,77.35,-5469.21,-455.77,-0.02
186,Apartment,Zebbug,2,21,26,1.86,1.69,80.76,4.42,12.95,1.65,209900,350000,249271.43,700,1300,851.54,14315.13,1192.93,42.58,42.58,85.15,-4266.96,-355.58,-0.02
234,Maisonette,Balzan,3,7,12,2.14,1.92,135.14,15.83,31.57,0.0,270000,435000,390714.29,850,2200,1250.0,22437.89,1869.82,62.5,62.5,125.0,-7687.89,-640.66,-0.02
232,Maisonette,Attard,3,15,23,1.73,2.04,130.33,0.43,43.4,0.43,258000,500000,373366.67,800,1600,1072.83,21441.65,1786.8,53.64,53.64,107.28,-8782.26,-731.85,-0.02
231,Maisonette,Attard,2,4,16,2.0,1.81,84.5,5.94,41.75,0.0,245000,300000,275875.0,700,1300,893.75,15842.91,1320.24,44.69,44.69,89.38,-5296.66,-441.39,-0.02
10,Apartment,Birzebbuga,2,19,22,1.47,1.45,77.05,0.0,7.95,0.0,176000,308000,250157.89,650,1200,754.55,14366.04,1197.17,37.73,37.73,75.46,-5462.35,-455.2,-0.02
187,Apartment,Zebbug,3,52,72,2.0,1.99,116.83,6.46,17.19,0.21,240000,372000,297980.77,700,1500,912.57,17112.4,1426.03,45.63,45.63,91.26,-6344.08,-528.67,-0.02
189,Apartment,Zejtun,3,34,5,2.03,1.6,115.38,0.0,16.18,0.0,179000,425000,254732.35,750,1000,840.0,14628.74,1219.06,42.0,42.0,84.0,-4716.74,-393.06,-0.02
11,Apartment,Birzebbuga,3,21,34,1.9,1.82,101.95,3.62,12.57,0.12,199000,430000,271619.05,700,1700,928.24,15598.5,1299.88,46.41,46.41,92.82,-4645.27,-387.11,-0.02
236,Maisonette,Birkirkara,2,10,21,1.5,1.67,91.7,0.48,18.8,0.48,189000,400000,274500.0,750,1300,955.95,15763.95,1313.66,47.8,47.8,95.6,-4483.74,-373.65,-0.02
2,Apartment,Bahar Ic-Caghaq,2,3,26,2.0,1.85,106.0,3.85,20.0,1.92,345000,480000,402333.33,700,2300,1134.62,23105.15,1925.43,56.73,56.73,113.46,-9716.63,-809.72,-0.02
169,Apartment,Ta' l-Ibragg,3,15,131,1.87,2.14,99.2,2.67,15.47,0.0,355000,850000,448600.0,750,3000,1456.87,25762.14,2146.85,72.84,72.84,145.69,-8571.08,-714.26,-0.02
225,House of Character,Siggiewi,2,3,3,2.33,2.33,148.33,0.0,17.33,0.0,350000,545000,457333.33,750,2800,1616.67,26263.68,2188.64,80.83,80.83,161.67,-7186.97,-598.91,-0.02
15,Apartment,Burmarrad,2,7,5,1.71,1.4,67.86,0.0,8.86,0.0,192000,306000,238500.0,650,750,710.0,13696.55,1141.38,35.5,35.5,71.0,-5318.55,-443.21,-0.02
197,Farmhouse,Gozo - Nadur,3,2,3,0.5,3.33,134.5,0.0,167.5,0.0,370000,375000,372500.0,950,1500,1216.67,21391.88,1782.66,60.83,60.83,121.67,-7035.18,-586.26,-0.02
14,Apartment,Bugibba,3,56,90,1.86,2.01,102.68,1.17,17.89,0.0,185000,795000,280553.57,64,2000,1008.49,16111.59,1342.63,50.42,50.42,100.85,-4211.41,-350.95,-0.02
13,Apartment,Bugibba,2,17,160,1.76,1.56,83.18,0.0,12.71,0.0,180000,394000,249823.53,600,1600,784.94,14346.83,1195.57,39.25,39.25,78.49,-5084.54,-423.71,-0.02
222,House of Character,Qormi,3,11,2,0.73,3.5,158.73,25.0,107.09,25.0,159000,1600000,585181.82,1400,2250,1825.0,33605.75,2800.48,91.25,91.25,182.5,-12070.75,-1005.9,-0.02
12,Apartment,Bugibba,1,7,17,1.14,0.94,34.29,0.0,6.0,0.0,139000,630000,232142.86,70,950,654.12,13331.47,1110.96,32.71,32.71,65.41,-5612.85,-467.74,-0.02
184,Apartment,Zabbar,3,91,21,2.01,1.95,114.92,19.62,24.35,1.29,175000,320000,248120.88,700,1500,866.67,14249.05,1187.42,43.33,43.33,86.67,-4022.35,-335.2,-0.02
182,Apartment,Xghajra,3,12,24,1.83,1.75,115.0,0.83,12.58,0.12,245000,314000,279358.33,700,1200,857.92,16042.95,1336.91,42.9,42.9,85.79,-5919.5,-493.29,-0.02
16,Apartment,Burmarrad,3,18,5,2.0,2.0,80.0,0.0,19.89,0.0,250000,446000,337000.0,800,1200,970.0,19353.19,1612.77,48.5,48.5,97.0,-7907.19,-658.93,-0.02
5,Apartment,Balzan,3,59,39,2.54,2.08,124.56,0.0,17.59,1.79,240000,610000,366305.08,750,2300,1201.67,21036.12,1753.01,60.08,60.08,120.17,-6856.41,-571.37,-0.02
6,Apartment,Birguma,3,2,3,2.0,2.0,57.5,0.0,4.5,0.0,330000,340000,335000.0,1000,1600,1200.0,19238.34,1603.19,60.0,60.0,120.0,-5078.34,-423.19,-0.02
175,Apartment,Tigne Point,3,9,62,2.56,2.5,176.0,17.47,24.44,536.26,799000,2150000,1314222.22,250,6000,3863.87,75472.98,6289.42,193.19,193.19,386.39,-29879.32,-2489.94,-0.02
214,House of Character,Gharghur,3,6,7,2.0,2.71,184.17,0.0,43.5,0.0,465000,885000,670000.0,1100,5000,2300.0,38476.67,3206.39,115.0,115.0,230.0,-11336.67,-944.72,-0.02
240,Maisonette,Bugibba,1,3,4,1.33,1.25,53.0,0.0,11.33,0.0,150000,385000,240333.33,650,800,725.0,13801.83,1150.15,36.25,36.25,72.5,-5246.83,-437.24,-0.02
177,Apartment,Valletta,2,15,56,1.4,1.77,80.67,6.61,23.13,1.07,350000,900000,579000.0,80,6000,1753.12,33250.74,2770.89,87.66,87.66,175.31,-12563.92,-1046.99,-0.02
212,House of Character,Birkirkara,2,5,2,1.4,2.0,127.2,0.0,18.2,0.0,229000,530000,332200.0,850,1200,1025.0,19077.54,1589.79,51.25,51.25,102.5,-6982.54,-581.88,-0.02
178,Apartment,Valletta,3,4,13,1.75,2.31,106.75,9.23,6.25,0.31,495000,744000,596000.0,950,3300,2034.62,34227.01,2852.25,101.73,101.73,203.46,-10218.5,-851.54,-0.02
239,Maisonette,Birzebbuga,3,4,9,1.75,1.78,90.5,0.0,19.5,0.0,279000,372000,317000.0,700,1100,894.44,18204.64,1517.05,44.72,44.72,89.44,-7650.24,-637.52,-0.02
179,Apartment,Xemxija,2,4,34,1.25,1.62,85.25,5.74,53.5,0.29,220000,425000,316250.0,650,1600,891.18,18161.56,1513.46,44.56,44.56,89.12,-7645.64,-637.14,-0.02
238,Maisonette,Birzebbuga,2,7,2,1.43,1.0,91.29,0.0,19.14,0.0,197000,299000,246857.14,750,850,800.0,14176.48,1181.37,40.0,40.0,80.0,-4736.48,-394.71,-0.02
180,Apartment,Xemxija,3,14,64,1.93,2.0,114.86,1.41,12.43,0.31,270000,734000,392642.86,750,2800,1187.58,22548.64,1879.05,59.38,59.38,118.76,-8535.2,-711.27,-0.02
3,Apartment,Bahar Ic-Caghaq,3,5,44,2.4,2.3,132.4,19.55,12.0,2.43,350000,689000,437000.0,650,2350,1357.95,25095.98,2091.33,67.9,67.9,135.8,-9072.17,-756.01,-0.02
237,Maisonette,Birkirkara,3,15,21,1.67,1.9,139.4,4.05,30.4,0.48,266000,549000,348000.0,800,1300,1085.71,19984.9,1665.41,54.29,54.29,108.57,-7173.52,-597.79,-0.02
423,Penthouse,Sliema,2,13,128,1.69,1.9,91.62,3.64,64.54,2.34,350000,1500000,728769.23,700,5200,1855.7,41851.67,3487.64,92.79,92.79,185.57,-19954.41,-1662.87,-0.03
498,Townhouse,Sliema,4,7,28,3.0,3.29,139.43,5.36,33.71,0.71,545000,1500000,943571.43,1200,3600,2241.07,54187.3,4515.61,112.05,112.05,224.11,-27742.67,-2311.89,-0.03
421,Penthouse,Siggiewi,3,4,7,2.0,2.14,122.0,0.0,49.75,0.0,425000,829000,557750.0,900,3000,1400.0,32030.4,2669.2,70.0,70.0,140.0,-15510.4,-1292.53,-0.03
499,Townhouse,Sliema,5,2,4,4.5,3.75,110.0,0.0,15.0,0.0,998000,1300000,1149000.0,2000,3000,2475.0,65984.62,5498.72,123.75,123.75,247.5,-36779.62,-3064.97,-0.03
497,Townhouse,Sliema,3,10,55,1.9,2.84,198.5,3.27,45.5,0.91,549000,2200000,909200.0,150,5500,2220.0,52213.42,4351.12,111.0,111.0,222.0,-26017.42,-2168.12,-0.03
460,Terraced House,Gozo - Gharb,4,2,2,5.0,2.0,381.0,0.0,157.5,0.0,446000,466000,456000.0,800,950,875.0,26187.11,2182.26,43.75,43.75,87.5,-15862.11,-1321.84,-0.03
420,Penthouse,Siggiewi,2,6,6,2.0,1.17,91.33,0.0,63.83,0.0,280000,478000,368500.0,700,1000,825.0,21162.17,1763.51,41.25,41.25,82.5,-11427.17,-952.26,-0.03
501,Townhouse,St Julian's,3,2,7,2.5,3.29,192.5,0.0,102.5,0.0,875000,1150000,1012500.0,1700,3750,2607.14,58145.72,4845.48,130.36,130.36,260.71,-27381.47,-2281.79,-0.03
505,Townhouse,Vittoriosa,2,2,3,2.5,2.0,36.5,25.0,4.5,8.33,340000,550000,445000.0,900,1200,1066.67,25555.4,2129.62,53.33,53.33,106.67,-12968.7,-1080.72,-0.03
41,Apartment,Gozo - Nadur,2,4,31,2.0,1.61,80.0,0.0,10.0,0.0,150000,550000,284000.0,450,1000,613.39,16309.52,1359.13,30.67,30.67,61.34,-9071.51,-755.96,-0.03
507,Townhouse,Zurrieq,2,2,2,1.5,1.5,100.5,0.0,16.0,0.0,234000,403000,318500.0,650,1000,825.0,18290.78,1524.23,41.25,41.25,82.5,-8555.78,-712.98,-0.03
508,Villa Detached,Kappara,3,2,4,2.5,3.25,325.0,0.0,250.0,0.0,990000,1800000,1395000.0,1950,3000,2687.5,80111.88,6675.99,134.38,134.38,268.75,-48399.38,-4033.28,-0.03
491,Townhouse,Rabat,4,2,2,2.0,3.5,287.5,0.0,22.0,0.0,575000,950000,762500.0,1200,2500,1850.0,43788.75,3649.06,92.5,92.5,185.0,-21958.75,-1829.9,-0.03
44,Apartment,Gozo - Qala,3,10,28,2.4,2.0,141.7,0.0,29.7,0.0,182000,485000,311100.0,500,1100,719.64,17865.81,1488.82,35.98,35.98,71.96,-9374.06,-781.17,-0.03
510,Villa Semi-detached,Attard,3,6,3,1.67,2.33,186.83,0.0,101.67,0.0,875000,1200000,1045000.0,1500,3500,2833.33,60012.13,5001.01,141.67,141.67,283.33,-26578.83,-2214.9,-0.03
412,Penthouse,Rabat,2,7,5,1.86,1.6,96.57,0.0,42.57,0.0,345000,475000,398571.43,900,1250,1010.0,22889.11,1907.43,50.5,50.5,101.0,-10971.11,-914.26,-0.03
411,Penthouse,Rabat,1,2,4,1.0,1.25,68.5,20.0,24.0,10.0,279000,430000,354500.0,650,1200,950.0,20358.18,1696.52,47.5,47.5,95.0,-9148.18,-762.35,-0.03
511,Villa Semi-detached,Kappara,3,6,16,3.17,2.56,174.33,0.0,159.33,0.0,850000,1500000,1153333.33,900,5500,2859.38,66233.48,5519.46,142.97,142.97,285.94,-32492.79,-2707.73,-0.03
512,Villa Semi-detached,Madliena,3,6,9,3.83,3.11,225.17,0.0,313.33,0.0,1280000,2500000,2021666.67,2400,6500,4022.22,116100.01,9675.0,201.11,201.11,402.22,-68637.82,-5719.82,-0.03
513,Villa Semi-detached,Mosta,3,2,2,5.0,2.5,170.0,0.0,140.0,0.0,980000,980000,980000.0,1600,2500,2050.0,56279.31,4689.94,102.5,102.5,205.0,-32089.31,-2674.11,-0.03
48,Apartment,Gozo - Sannat,4,2,2,3.0,2.0,194.0,87.5,26.0,0.0,243000,248000,245500.0,500,600,550.0,14098.54,1174.88,27.5,27.5,55.0,-7608.54,-634.05,-0.03
493,Townhouse,Senglea,2,4,2,1.75,2.0,130.0,59.5,25.0,12.5,280000,685000,487000.0,800,1400,1100.0,27967.37,2330.61,55.0,55.0,110.0,-14987.37,-1248.95,-0.03
483,Townhouse,Luqa,3,3,5,2.0,2.0,140.0,26.6,20.0,9.4,480000,700000,570000.0,875,1800,1215.0,32733.89,2727.82,60.75,60.75,121.5,-18396.89,-1533.07,-0.03
490,Townhouse,Rabat,3,5,7,2.0,2.57,148.0,0.0,31.0,0.0,498000,850500,610700.0,900,2500,1542.86,35071.2,2922.6,77.14,77.14,154.29,-16865.45,-1405.45,-0.03
452,Penthouse Duplex,St Julian's,3,2,8,3.5,3.12,284.0,0.0,162.5,0.0,590000,2200000,1395000.0,2000,3500,2812.5,80111.88,6675.99,140.62,140.62,281.25,-46924.38,-3910.37,-0.03
471,Terraced House,Ta' l-Ibragg,3,2,3,2.5,2.67,156.0,0.0,16.0,0.0,750000,780000,765000.0,750,2500,1483.33,43932.32,3661.03,74.17,74.17,148.33,-26429.03,-2202.42,-0.03
447,Penthouse,Zurrieq,3,2,8,3.0,2.38,121.0,0.0,35.0,0.0,385000,505000,445000.0,800,1400,1027.5,25555.4,2129.62,51.38,51.38,102.75,-13430.9,-1119.24,-0.03
468,Terraced House,Marsascala,3,2,6,2.0,2.5,177.5,0.0,22.5,0.0,680000,699000,689500.0,900,2000,1366.67,39596.52,3299.71,68.33,68.33,136.67,-23469.81,-1955.82,-0.03
449,Penthouse Duplex,Mellieha,3,4,2,2.75,2.5,170.0,0.0,117.5,0.0,755000,970000,891250.0,800,2900,1850.0,51182.59,4265.22,92.5,92.5,185.0,-29352.59,-2446.05,-0.03
24,Apartment,Fort Cambridge,2,14,32,2.21,2.06,149.29,7.5,50.43,1.62,695000,1950000,1035357.14,1750,5000,2729.69,59458.36,4954.86,136.48,136.48,272.97,-27248.01,-2270.67,-0.03
23,Apartment,Fort Cambridge,1,6,26,1.0,1.15,81.5,2.38,16.0,0.69,420000,739000,531500.0,80,1800,1282.5,30522.91,2543.58,64.12,64.12,128.25,-15389.41,-1282.45,-0.03
19,Apartment,Dingli,3,15,4,2.13,1.5,137.0,0.0,18.6,0.0,293000,439500,344100.0,750,900,850.0,19760.93,1646.74,42.5,42.5,85.0,-9730.93,-810.91,-0.03
424,Penthouse,Sliema,3,14,78,2.86,2.54,116.93,3.09,57.71,3.47,525000,2200000,1263214.29,1100,6000,2648.47,72543.71,6045.31,132.42,132.42,264.85,-41291.76,-3440.98,-0.03
18,Apartment,Cospicua,2,4,4,1.25,1.25,73.5,30.0,5.75,2.5,190000,295000,227750.0,70,850,617.5,13079.2,1089.93,30.88,30.88,61.75,-5792.7,-482.72,-0.03
467,Terraced House,Hamrun,3,3,2,2.0,2.5,109.0,0.0,16.67,0.0,372000,458000,418333.33,900,1000,950.0,24023.99,2002.0,47.5,47.5,95.0,-12813.99,-1067.83,-0.03
457,Terraced House,Attard,3,11,11,2.73,2.55,96.27,28.27,81.27,10.82,600000,780000,681818.18,1000,3000,1759.09,39155.37,3262.95,87.95,87.95,175.91,-18398.1,-1533.18,-0.03
466,Terraced House,Gozo - Xewkija,4,4,7,4.0,2.71,260.5,0.0,84.5,0.0,298000,490000,386000.0,795,1300,1049.29,22167.16,1847.26,52.46,52.46,104.93,-9785.54,-815.46,-0.03
458,Terraced House,Birkirkara,3,3,10,2.0,2.4,155.0,1.0,21.67,1.0,425000,637000,540333.33,815,1500,1146.5,31030.19,2585.85,57.32,57.32,114.65,-17501.49,-1458.46,-0.03
465,Terraced House,Gozo - Xewkija,3,3,5,4.0,1.2,197.0,42.0,73.33,41.2,320000,398000,348666.67,500,900,700.0,20023.18,1668.6,35.0,35.0,70.0,-11763.18,-980.27,-0.03
446,Penthouse,Zurrieq,2,8,2,2.0,0.5,82.12,0.0,40.0,0.0,245000,372000,302125.0,700,750,725.0,17350.4,1445.87,36.25,36.25,72.5,-8795.4,-732.95,-0.03
26,Apartment,Gharghur,2,4,27,2.25,1.81,85.75,0.0,23.25,0.0,349000,399000,374250.0,750,1500,984.26,21492.38,1791.03,49.21,49.21,98.43,-9878.11,-823.18,-0.03
444,Penthouse,Zebbug,3,13,6,1.85,2.17,122.54,0.0,49.85,0.0,295000,575000,423000.0,700,1350,925.0,24291.99,2024.33,46.25,46.25,92.5,-13376.99,-1114.75,-0.03
472,Terraced House,Zabbar,3,8,4,1.75,1.75,166.62,0.0,73.38,0.0,446500,855000,628562.5,1200,1500,1300.0,36097.01,3008.08,65.0,65.0,130.0,-20757.01,-1729.75,-0.03
473,Terraced House,Zebbug,3,3,3,2.33,2.0,199.67,0.0,33.33,0.0,638000,650000,642666.67,1200,2500,1666.67,36906.98,3075.58,83.33,83.33,166.67,-17240.27,-1436.69,-0.03
474,Townhouse,Balzan,3,3,3,2.67,3.33,300.0,0.0,57.33,0.0,399000,1850000,1014666.67,1500,4300,2466.67,58270.15,4855.85,123.33,123.33,246.67,-29163.44,-2430.29,-0.03
442,Penthouse,Zabbar,3,13,4,1.69,2.0,126.0,55.0,37.54,11.5,235000,450000,346769.23,900,1000,925.0,19914.22,1659.52,46.25,46.25,92.5,-8999.22,-749.93,-0.03
440,Penthouse,Xemxija,3,2,9,2.0,1.89,140.5,0.0,46.0,0.0,575000,850000,712500.0,700,2500,1394.44,40917.36,3409.78,69.72,69.72,139.44,-24462.97,-2038.58,-0.03
478,Townhouse,Cospicua,2,9,5,2.22,2.0,133.78,0.0,19.33,0.0,181000,1100000,446000.0,800,1900,1200.0,25612.83,2134.4,60.0,60.0,120.0,-11452.83,-954.4,-0.03
481,Townhouse,Gozo - Victoria,3,2,6,0.5,1.83,167.5,0.0,4.0,0.0,192000,495000,343500.0,575,800,687.5,19726.47,1643.87,34.38,34.38,68.75,-11613.97,-967.83,-0.03
32,Apartment,Gozo - Ghajnsielem,2,10,31,2.0,1.58,85.3,0.0,26.3,0.0,143000,420000,220100.0,450,1000,578.06,12639.87,1053.32,28.9,28.9,57.81,-5818.77,-484.9,-0.03
435,Penthouse,Swieqi,3,9,18,2.33,2.06,137.56,6.5,78.67,4.22,535000,1200000,790555.56,950,3700,1888.89,45399.92,3783.33,94.44,94.44,188.89,-23111.02,-1925.92,-0.03
482,Townhouse,Gozo - Victoria,4,2,2,3.0,3.5,123.5,0.0,212.0,0.0,240000,795000,517500.0,800,1300,1050.0,29718.92,2476.58,52.5,52.5,105.0,-17328.92,-1444.08,-0.03
432,Penthouse,Swatar,3,4,4,1.75,2.25,141.5,0.0,68.75,0.0,400000,490000,443750.0,950,1400,1200.0,25483.62,2123.63,60.0,60.0,120.0,-11323.62,-943.63,-0.03
430,Penthouse,St Paul's Bay,3,14,23,2.0,1.96,108.71,0.0,35.93,0.0,300000,1100000,505142.86,113,1650,1096.22,29009.28,2417.44,54.81,54.81,109.62,-16073.88,-1339.49,-0.03
429,Penthouse,St Paul's Bay,2,20,51,1.75,1.59,81.6,0.0,43.15,0.0,213000,925000,390500.0,650,2500,1028.43,22425.58,1868.8,51.42,51.42,102.84,-10290.11,-857.51,-0.03
488,Townhouse,Qormi,3,16,2,2.12,2.0,165.38,0.0,34.81,0.0,235000,1063000,487750.0,1200,1300,1250.0,28010.44,2334.2,62.5,62.5,125.0,-13260.44,-1105.04,-0.03
453,Penthouse Duplex,St Paul's Bay,2,4,5,2.0,2.2,80.25,0.0,22.5,0.0,280000,800000,445000.0,800,1300,1080.0,25555.4,2129.62,54.0,54.0,108.0,-12811.4,-1067.62,-0.03
244,Maisonette,Dingli,3,3,4,2.0,2.0,137.0,0.0,58.33,0.0,320000,476500,407166.67,800,1000,950.0,23382.72,1948.56,47.5,47.5,95.0,-12172.72,-1014.39,-0.03
406,Penthouse,Qawra,3,14,19,1.93,2.26,137.0,0.53,61.21,0.53,253000,745000,476285.71,700,1900,1068.42,27352.07,2279.34,53.42,53.42,106.84,-14744.72,-1228.73,-0.03
167,Apartment,Ta' Xbiex,3,7,90,2.57,2.37,161.14,16.83,26.86,2.22,320000,1800000,1162857.14,757,5700,2389.8,66780.41,5565.03,119.49,119.49,238.98,-38580.77,-3215.06,-0.03
193,Block Of Apartments,Sliema,0,2,2,0.0,0.0,0.0,0.0,14.5,0.0,1275000,1735000,1505000.0,1000,5000,3000.0,86428.95,7202.41,150.0,150.0,300.0,-51028.95,-4252.41,-0.03
296,Maisonette,Qormi,2,9,3,1.67,1.0,116.22,0.0,32.44,0.0,213000,440000,290355.56,750,800,766.67,16674.5,1389.54,38.33,38.33,76.67,-7627.8,-635.65,-0.03
185,Apartment,Zebbiegh,3,26,15,2.62,2.0,128.88,0.0,18.31,0.0,286500,574500,400038.46,600,1200,883.33,22973.36,1914.45,44.17,44.17,88.33,-12550.06,-1045.84,-0.03
304,Maisonette,Siggiewi,3,3,3,2.0,2.0,129.0,0.0,19.0,0.0,314000,375000,334666.67,800,1000,916.67,19219.19,1601.6,45.83,45.83,91.67,-8402.49,-700.21,-0.03
176,Apartment,Valletta,1,6,71,1.67,1.06,43.33,2.18,8.17,0.07,255000,480000,351500.0,80,2300,911.97,20185.9,1682.16,45.6,45.6,91.2,-9424.65,-785.39,-0.03
174,Apartment,Tigne Point,2,2,25,2.0,2.32,149.5,5.48,11.0,0.28,1350000,1675000,1512500.0,150,5800,2999.2,86859.65,7238.3,149.96,149.96,299.92,-51469.09,-4289.09,-0.03
405,Penthouse,Qawra,2,24,26,1.71,1.69,95.71,9.42,54.33,3.08,250000,495000,372229.17,700,1750,1005.77,21376.33,1781.36,50.29,50.29,100.58,-9508.24,-792.35,-0.03
316,Maisonette,Swieqi,3,10,89,2.2,2.09,115.4,1.16,23.2,0.54,350000,1500000,569500.0,132,2800,1283.26,32705.17,2725.43,64.16,64.16,128.33,-17562.7,-1463.56,-0.03
286,Maisonette,Msida,3,5,9,1.6,2.11,102.2,0.0,22.4,3.33,265000,745000,415000.0,750,1500,988.89,23832.57,1986.05,49.44,49.44,98.89,-12163.66,-1013.64,-0.03
319,Maisonette,Valletta,1,4,29,1.0,1.24,49.25,46.9,0.25,0.34,319000,425000,363500.0,30,1700,909.14,20875.03,1739.59,45.46,45.46,90.91,-10147.18,-845.6,-0.03
321,Maisonette,Xemxija,3,3,8,2.0,1.62,73.33,0.0,19.0,0.0,250000,750000,493333.33,700,1700,1018.75,28331.08,2360.92,50.94,50.94,101.88,-16309.83,-1359.15,-0.03
153,Apartment,St Julian's,3,64,411,2.06,2.1,132.69,6.82,18.83,0.37,240000,2600000,693703.12,100,5000,1562.99,39837.89,3319.82,78.15,78.15,156.3,-21394.61,-1782.88,-0.03
152,Apartment,St Julian's,2,90,533,1.8,1.79,78.26,3.34,10.9,0.54,200000,2660000,552377.78,60,3300,1386.9,31721.88,2643.49,69.35,69.35,138.69,-15356.46,-1279.7,-0.03
151,Apartment,St Julian's,1,51,203,1.02,1.19,53.43,0.76,8.1,0.02,180000,821000,447176.47,80,2500,997.93,25680.39,2140.03,49.9,49.9,99.79,-13904.82,-1158.73,-0.03
328,Maisonette,Zejtun,3,13,3,2.23,1.33,125.15,0.0,27.31,0.0,250000,530000,351923.08,800,1000,883.33,20210.19,1684.18,44.17,44.17,88.33,-9786.9,-815.57,-0.03
149,Apartment,Sliema,3,129,1162,2.23,2.22,136.69,8.75,19.11,1.22,335000,2400000,813545.74,55,5000,1914.87,46720.2,3893.35,95.74,95.74,191.49,-24124.73,-2010.39,-0.03
194,Bungalow Detached,Mellieha,3,4,6,1.75,2.33,163.0,0.0,437.0,0.0,1490000,1800000,1672500.0,2000,4500,3433.33,96048.11,8004.01,171.67,171.67,343.33,-55534.82,-4627.9,-0.03
198,Farmhouse,Gozo - Qala,3,2,2,2.5,3.5,54.0,0.0,44.5,0.0,430000,720000,575000.0,1300,1300,1300.0,33021.03,2751.75,65.0,65.0,130.0,-17681.03,-1473.42,-0.03
333,Maisonette Duplex,Valletta,1,2,10,0.5,1.3,72.0,6.0,2.5,0.0,220000,600000,410000.0,100,1600,885.0,23545.43,1962.12,44.25,44.25,88.5,-13102.43,-1091.87,-0.03
218,House of Character,Gozo - Xaghra,3,2,15,3.5,2.87,137.5,0.0,97.5,0.0,690000,720000,705000.0,850,2500,1423.33,40486.65,3373.89,71.17,71.17,142.33,-23691.36,-1974.28,-0.03
242,Maisonette,Bugibba,3,2,12,2.5,1.67,97.0,0.0,71.5,0.0,280000,440000,360000.0,700,1200,829.17,20674.03,1722.84,41.46,41.46,82.92,-10889.83,-907.49,-0.03
241,Maisonette,Bugibba,2,2,10,1.5,1.5,57.5,0.0,26.5,0.0,240000,395000,317500.0,700,1200,840.0,18233.35,1519.45,42.0,42.0,84.0,-8321.35,-693.45,-0.03
258,Maisonette,Gozo - Xaghra,3,5,8,3.0,2.62,150.8,0.0,53.8,0.0,165000,360000,275000.0,250,900,643.75,15792.66,1316.06,32.19,32.19,64.38,-8196.41,-683.03,-0.03
229,House of Character,Zejtun,2,6,2,1.33,1.5,109.33,0.0,29.67,0.0,244000,830000,409500.0,800,850,825.0,23516.71,1959.73,41.25,41.25,82.5,-13781.71,-1148.48,-0.03
227,House of Character,Zebbug,3,9,9,2.22,3.44,231.44,55.56,209.44,55.56,390000,1400000,875666.67,980,3800,1894.44,50287.67,4190.64,94.72,94.72,189.44,-27933.28,-2327.77,-0.03
223,House of Character,Rabat,3,8,5,1.62,3.2,143.62,24.0,25.38,4.0,215000,1377000,684875.0,850,2200,1560.0,39330.91,3277.58,78.0,78.0,156.0,-20922.91,-1743.58,-0.03
221,House of Character,Naxxar,3,2,6,3.0,3.0,217.5,0.0,58.0,0.0,635000,925000,780000.0,900,2750,1691.67,44793.74,3732.81,84.58,84.58,169.17,-24832.03,-2069.34,-0.03
269,Maisonette,Kappara,3,2,6,2.0,2.0,96.5,0.0,86.5,0.0,550000,565000,557500.0,800,1600,1166.67,32016.04,2668.0,58.33,58.33,116.67,-18249.33,-1520.78,-0.03
284,Maisonette,Mosta,3,24,30,1.92,2.13,133.42,3.33,43.5,0.67,245000,595000,396375.0,750,1500,1051.67,22762.97,1896.91,52.58,52.58,105.17,-10353.27,-862.77,-0.03
270,Maisonette,Lija,3,6,7,2.0,2.0,140.67,7.14,29.83,7.14,355000,904000,463333.33,800,2000,1242.86,26608.25,2217.35,62.14,62.14,124.29,-11942.5,-995.21,-0.03
216,House of Character,Gozo - Nadur,3,3,5,1.33,2.2,131.0,0.0,74.33,0.0,400000,800000,541666.67,650,1500,1210.0,31106.76,2592.23,60.5,60.5,121.0,-16828.76,-1402.4,-0.03
202,Farmhouse,Gozo - Xewkija,4,2,5,2.5,4.2,136.0,0.0,230.0,0.0,450000,900000,675000.0,1200,2000,1560.0,38763.81,3230.32,78.0,78.0,156.0,-20355.81,-1696.32,-0.03
280,Maisonette,Mgarr,2,2,3,2.0,1.33,83.5,0.0,8.5,0.0,265000,310000,287500.0,750,750,750.0,16510.51,1375.88,37.5,37.5,75.0,-7660.51,-638.38,-0.03
281,Maisonette,Mgarr,3,2,19,1.5,1.84,117.0,0.0,24.5,0.0,320000,323000,321500.0,80,1200,877.89,18463.06,1538.59,43.89,43.89,87.79,-8103.96,-675.33,-0.03
200,Farmhouse,Gozo - Xaghra,3,5,8,2.2,3.62,127.4,0.0,172.6,0.0,370000,690000,549000.0,170,2000,1218.75,31527.9,2627.33,60.94,60.94,121.88,-17146.65,-1428.89,-0.03
199,Farmhouse,Gozo - San Lawrenz,4,3,3,3.67,2.67,221.33,0.0,189.67,0.0,445000,1600000,836666.67,1500,2500,2166.67,48047.99,4004.0,108.33,108.33,216.67,-22481.28,-1873.44,-0.03
332,Maisonette Duplex,Swieqi,3,4,2,2.75,1.0,83.75,0.0,36.25,0.0,460000,895000,657500.0,1500,1800,1650.0,37758.83,3146.57,82.5,82.5,165.0,-18288.83,-1524.07,-0.03
173,Apartment,Tigne Point,1,4,15,1.75,1.8,85.75,8.27,16.75,4.33,649000,1100000,884750.0,800,3000,2050.0,50809.31,4234.11,102.5,102.5,205.0,-26619.31,-2218.28,-0.03
335,Maisonette Solitary,Birkirkara,2,2,3,1.5,2.0,132.5,0.0,0.0,0.0,367500,372000,369750.0,700,1350,983.33,21233.96,1769.5,49.17,49.17,98.33,-9630.66,-802.56,-0.03
360,Penthouse,Gozo - Qala,2,4,4,1.75,1.75,102.75,0.0,45.5,0.0,278000,405000,338000.0,650,850,750.0,19410.62,1617.55,37.5,37.5,75.0,-10560.62,-880.05,-0.03
362,Penthouse,Gozo - Sannat,3,4,3,2.0,1.67,119.25,0.0,37.5,0.0,218000,398000,322250.0,600,800,733.33,18506.13,1542.18,36.67,36.67,73.33,-9852.84,-821.07,-0.03
117,Apartment,Pieta,4,5,2,2.4,2.5,162.6,0.0,25.4,0.0,292500,850000,488500.0,1100,1300,1200.0,28053.52,2337.79,60.0,60.0,120.0,-13893.52,-1157.79,-0.03
113,Apartment,Pender Place,3,6,27,2.83,2.15,158.33,21.85,37.17,5.85,565000,1290000,864166.67,1500,4000,2237.04,49627.25,4135.6,111.85,111.85,223.7,-23230.18,-1935.85,-0.03
112,Apartment,Pender Place,1,3,13,1.0,1.08,86.0,0.0,47.33,0.0,499000,525000,511333.33,900,1650,1367.69,29364.78,2447.07,68.38,68.38,136.77,-13226.04,-1102.17,-0.03
369,Penthouse,Guardamangia,2,4,3,2.0,1.67,99.0,0.0,46.5,0.0,295000,659000,388500.0,800,1300,1066.67,22310.73,1859.23,53.33,53.33,106.67,-9724.02,-810.34,-0.03
337,Penthouse,Attard,3,9,13,1.89,2.0,137.11,0.0,57.89,0.0,393500,825000,536944.44,950,2000,1269.23,30835.58,2569.63,63.46,63.46,126.92,-15858.66,-1321.56,-0.03
96,Apartment,Mgarr,3,21,43,2.05,2.0,119.95,0.0,19.05,0.0,262500,595000,319214.29,80,1400,821.16,18331.8,1527.65,41.06,41.06,82.12,-8642.11,-720.18,-0.03
245,Maisonette,Fgura,2,10,5,1.9,1.0,96.2,29.4,27.0,3.0,233000,405000,293250.0,650,850,750.0,16840.72,1403.39,37.5,37.5,75.0,-7990.72,-665.89,-0.03
382,Penthouse,Madliena,3,3,5,2.67,2.4,154.33,0.0,91.33,0.0,770000,1500000,1256666.67,1400,3500,2460.0,72167.69,6013.97,123.0,123.0,246.0,-43139.69,-3594.97,-0.03
83,Apartment,Madliena,2,3,11,1.67,1.64,113.33,8.18,33.33,0.91,475000,1100000,720000.0,800,2000,1472.73,41348.07,3445.67,73.64,73.64,147.27,-23969.85,-1997.49,-0.03
388,Penthouse,Mellieha,2,19,49,1.79,1.69,98.32,0.0,40.11,0.61,235000,905000,434210.53,650,2000,1138.78,24935.79,2077.98,56.94,56.94,113.88,-11498.18,-958.18,-0.03
389,Penthouse,Mellieha,3,20,21,2.1,1.95,126.7,0.0,57.95,0.0,360000,1050000,690250.0,800,6120,1574.19,39639.59,3303.3,78.71,78.71,157.42,-21064.15,-1755.35,-0.03
390,Penthouse,Mgarr,2,6,10,2.0,1.9,101.0,0.0,34.5,0.0,340200,480000,378700.0,650,1400,960.0,21747.93,1812.33,48.0,48.0,96.0,-10419.93,-868.33,-0.03
391,Penthouse,Mgarr,3,4,8,2.0,2.0,131.0,0.0,46.25,0.0,480000,704000,573500.0,700,1700,1156.25,32934.88,2744.57,57.81,57.81,115.62,-19291.13,-1607.59,-0.03
73,Apartment,Kalkara,1,14,4,1.14,0.75,58.14,0.0,13.71,0.0,265000,585000,383214.29,800,1500,1037.5,22007.18,1833.93,51.88,51.88,103.75,-9764.68,-813.72,-0.03
400,Penthouse,Naxxar,3,7,9,1.86,1.89,124.71,0.0,86.86,0.0,360000,1065000,524285.71,800,1800,1330.56,30108.61,2509.05,66.53,66.53,133.06,-14408.0,-1200.67,-0.03
56,Apartment,Gozo - Xlendi,2,4,36,1.25,1.31,55.5,0.0,12.75,0.0,144000,387000,239750.0,450,1400,624.31,13768.33,1147.36,31.22,31.22,62.43,-6401.47,-533.46,-0.03
119,Apartment,Portomaso,2,16,46,2.0,2.24,116.88,17.61,21.12,1.28,550000,2500000,1261062.5,1350,6500,2668.26,72420.13,6035.01,133.41,133.41,266.83,-40934.67,-3411.22,-0.03
107,Apartment,Paceville,1,2,5,1.0,1.6,56.5,0.0,6.5,0.0,220000,500000,360000.0,700,800,760.0,20674.03,1722.84,38.0,38.0,76.0,-11706.03,-975.5,-0.03
356,Penthouse,Gozo - Ghajnsielem,3,4,10,1.25,2.2,103.75,0.0,50.75,0.0,180000,385000,319250.0,550,1000,772.5,18333.85,1527.82,38.62,38.62,77.25,-9218.35,-768.2,-0.03
123,Apartment,Qawra,3,78,191,1.97,1.92,121.19,0.68,24.55,0.05,190000,582000,341846.15,81,1500,881.23,19631.5,1635.96,44.06,44.06,88.12,-9232.98,-769.42,-0.03
359,Penthouse,Gozo - Nadur,2,5,2,2.0,1.0,136.4,0.0,53.2,0.0,275000,468000,325800.0,600,650,625.0,18710.0,1559.17,31.25,31.25,62.5,-11335.0,-944.58,-0.03
358,Penthouse,Gozo - Marsalforn,3,4,12,2.0,2.08,101.75,0.0,46.75,0.0,257000,395000,330500.0,500,1450,808.33,18979.91,1581.66,40.42,40.42,80.83,-9441.62,-786.8,-0.03
120,Apartment,Portomaso,3,9,41,3.11,2.78,202.22,16.24,21.56,2.46,965000,2100000,1502888.89,200,6500,3805.98,86307.71,7192.31,190.3,190.3,380.6,-41397.15,-3449.76,-0.03
343,Penthouse,Birzebbuga,2,10,10,1.9,1.4,100.1,1.0,52.2,1.0,195000,985000,383300.0,50,1100,840.0,22012.1,1834.34,42.0,42.0,84.0,-12100.1,-1008.34,-0.03
355,Penthouse,Gozo - Ghajnsielem,2,9,12,1.89,1.75,92.89,0.0,41.56,0.0,200000,530000,333777.78,500,900,679.17,19168.15,1597.35,33.96,33.96,67.92,-11153.94,-929.5,-0.03
344,Penthouse,Birzebbuga,3,3,6,2.0,2.0,118.67,0.0,61.0,15.0,350000,500000,420666.67,700,1300,941.67,24157.99,2013.17,47.08,47.08,94.17,-13046.29,-1087.19,-0.03
347,Penthouse,Burmarrad,3,6,2,2.17,2.0,81.0,0.0,30.33,0.0,301000,620000,452166.67,800,1300,1050.0,25966.97,2163.91,52.5,52.5,105.0,-13576.97,-1131.41,-0.03
351,Penthouse,Gharghur,2,3,10,2.0,2.1,54.33,0.0,62.67,0.0,390000,840000,635000.0,800,2500,1225.0,36466.7,3038.89,61.25,61.25,122.5,-22011.7,-1834.31,-0.03
154,Apartment,St Julian's,4,4,26,3.0,2.23,231.25,11.54,38.75,1.92,325000,2200000,1152500.0,700,5000,1752.88,66185.62,5515.47,87.64,87.64,175.29,-45501.64,-3791.8,-0.04
219,House of Character,Gozo - Xaghra,4,2,13,4.0,3.77,273.5,18.0,531.5,75.46,560000,1050000,805000.0,1000,1950,1407.69,46229.44,3852.45,70.38,70.38,140.77,-29618.69,-2468.22,-0.04
220,House of Character,Mosta,2,3,2,0.33,2.5,137.67,35.0,36.0,17.5,314000,650000,486333.33,700,900,800.0,27929.09,2327.42,40.0,40.0,80.0,-18489.09,-1540.76,-0.04
416,Penthouse,San Pawl tat Targa,2,4,7,2.25,2.0,104.75,68.57,88.25,17.14,700000,900000,800000.0,800,1600,1364.29,45942.3,3828.52,68.21,68.21,136.43,-29843.67,-2486.97,-0.04
500,Townhouse,St Julian's,2,2,7,0.5,2.0,89.0,0.14,33.5,0.14,550000,1495000,1022500.0,850,4000,1735.71,58720.0,4893.33,86.79,86.79,173.57,-38238.62,-3186.55,-0.04
469,Terraced House,Mellieha,3,4,9,2.75,2.33,217.0,0.0,38.25,0.0,608000,850000,716750.0,800,1800,1300.0,41161.43,3430.12,65.0,65.0,130.0,-25821.43,-2151.79,-0.04
504,Townhouse,Valletta,3,4,3,2.0,2.0,125.5,0.0,18.75,0.0,695000,1700000,1243750.0,116,3500,1872.0,71425.91,5952.16,93.6,93.6,187.2,-49336.31,-4111.36,-0.04
224,House of Character,Senglea,2,2,2,1.0,1.5,72.5,35.0,15.5,2.5,220000,325000,272500.0,85,650,367.5,15649.09,1304.09,18.38,18.38,36.75,-11312.59,-942.72,-0.04
45,Apartment,Gozo - San Lawrenz,2,5,4,2.8,1.75,126.8,0.0,37.0,0.0,460000,795000,586000.0,500,1100,800.0,33652.73,2804.39,40.0,40.0,80.0,-24212.73,-2017.73,-0.04
509,Villa Detached,Santa Maria Estate,3,2,6,4.0,2.67,550.0,0.0,870.0,0.0,1890000,1890000,1890000.0,294,4000,2186.17,108538.68,9044.89,109.31,109.31,218.62,-82741.87,-6895.16,-0.04
254,Maisonette,Gozo - Nadur,3,5,4,2.2,1.5,129.2,0.0,27.8,0.0,230000,341500,286900.0,450,650,537.5,16476.06,1373.0,26.88,26.88,53.75,-10133.56,-844.46,-0.04
249,Maisonette,Gharghur,3,4,9,2.0,2.0,172.25,15.78,73.75,0.0,479000,638000,584250.0,750,1400,1016.11,33552.23,2796.02,50.81,50.81,101.61,-21562.14,-1796.84,-0.04
144,Apartment,Senglea,2,3,12,1.67,1.33,76.67,0.0,41.33,0.0,250000,1000000,716666.67,700,2100,1322.5,41156.64,3429.72,66.12,66.12,132.25,-25551.14,-2129.26,-0.04
495,Townhouse,Siggiewi,3,4,2,1.25,1.5,179.0,0.0,91.5,0.0,425500,1500000,715125.0,850,900,875.0,41068.11,3422.34,43.75,43.75,87.5,-30743.11,-2561.93,-0.04
492,Townhouse,Santa Venera,4,2,2,2.5,2.5,257.5,0.0,21.5,0.0,370000,800000,585000.0,800,1100,950.0,33595.3,2799.61,47.5,47.5,95.0,-22385.3,-1865.44,-0.04
352,Penthouse,Gharghur,3,3,7,3.0,2.0,168.0,24.43,87.33,7.71,1300000,2000000,1533333.33,1000,4500,1871.43,88056.07,7338.01,93.57,93.57,187.14,-65973.19,-5497.77,-0.04
422,Penthouse,Sliema,1,5,85,1.0,1.26,69.0,1.06,46.2,0.12,375000,1800000,831600.0,155,3800,1273.29,47757.02,3979.75,63.66,63.66,127.33,-32732.2,-2727.68,-0.04
195,Bungalow Detached,Santa Maria Estate,3,2,2,2.0,2.0,435.0,0.0,805.5,0.0,2100000,2490000,2295000.0,3300,3500,3400.0,131796.96,10983.08,170.0,170.0,340.0,-91676.96,-7639.75,-0.04
196,Farmhouse,Gozo - Gharb,4,2,10,2.5,3.7,96.5,0.0,188.5,0.0,1100000,1270000,1185000.0,140,3500,1714.0,68052.03,5671.0,85.7,85.7,171.4,-47826.83,-3985.57,-0.04
464,Terraced House,Gozo - Xaghra,3,7,4,3.57,2.25,177.43,0.0,43.29,0.0,380000,1000000,480000.0,600,1000,812.5,27565.38,2297.11,40.62,40.62,81.25,-17977.88,-1498.16,-0.04
477,Townhouse,Birzebbuga,3,2,2,1.5,2.0,140.0,0.0,31.5,0.0,410000,425000,417500.0,700,800,750.0,23976.14,1998.01,37.5,37.5,75.0,-15126.14,-1260.51,-0.04
366,Penthouse,Gozo - Xaghra,3,5,3,1.8,2.0,70.2,0.0,75.0,0.0,250000,500000,406000.0,700,900,766.67,23315.72,1942.98,38.33,38.33,76.67,-14269.01,-1189.08,-0.04
463,Terraced House,Gozo - Victoria,4,3,3,2.67,2.33,238.67,0.0,109.67,0.0,530000,750000,618333.33,695,1200,915.0,35509.57,2959.13,45.75,45.75,91.5,-24712.57,-2059.38,-0.04
462,Terraced House,Gozo - Victoria,3,8,10,2.5,2.3,184.62,0.0,67.12,0.0,335000,960000,520625.0,650,1400,835.3,29898.39,2491.53,41.76,41.76,83.53,-20041.85,-1670.15,-0.04
437,Penthouse,Ta' l-Ibragg,3,2,14,2.5,2.29,195.0,0.0,75.0,0.0,1238000,1550000,1394000.0,1000,2750,2067.86,80054.45,6671.2,103.39,103.39,206.79,-55653.7,-4637.81,-0.04
484,Townhouse,Mosta,3,6,4,2.17,1.75,172.83,0.0,76.0,0.0,280000,1850000,848166.67,900,1900,1400.0,48708.41,4059.03,70.0,70.0,140.0,-32188.41,-2682.37,-0.04
470,Terraced House,San Gwann,3,2,8,2.5,2.0,165.0,20.0,10.0,13.75,720000,995000,857500.0,1000,2500,1350.0,49244.4,4103.7,67.5,67.5,135.0,-33314.4,-2776.2,-0.04
485,Townhouse,Mosta,4,2,2,2.5,3.0,190.0,0.0,201.5,0.0,690000,1100000,895000.0,152,2500,1326.0,51397.94,4283.16,66.3,66.3,132.6,-35751.14,-2979.26,-0.04
201,Farmhouse,Gozo - Xewkija,3,2,3,3.5,2.33,126.5,0.0,109.5,0.0,230000,680000,455000.0,200,1350,816.67,26129.68,2177.47,40.83,40.83,81.67,-16492.98,-1374.41,-0.04
459,Terraced House,Birzebbuga,3,2,3,2.5,2.0,181.5,120.67,57.5,25.67,595000,637000,616000.0,700,1100,933.33,35375.57,2947.96,46.67,46.67,93.33,-24362.27,-2030.19,-0.04
215,House of Character,Gozo - Ghasri,5,2,3,5.5,5.33,247.5,0.0,222.0,0.0,598000,698000,648000.0,700,1400,1166.67,37213.26,3101.11,58.33,58.33,116.67,-23446.55,-1953.88,-0.04
217,House of Character,Gozo - Sannat,3,4,4,3.5,2.75,128.5,0.0,84.75,0.0,355000,730000,588750.0,650,1300,1087.5,33810.66,2817.55,54.38,54.38,108.75,-20978.16,-1748.18,-0.04
514,Villa Semi-detached,Swieqi,4,3,5,3.33,3.4,284.67,0.0,270.33,0.0,1275000,1950000,1541666.67,1165,3800,2213.0,88534.63,7377.89,110.65,110.65,221.3,-62421.23,-5201.77,-0.04
503,Townhouse,Valletta,2,2,6,1.5,1.5,292.5,0.0,35.0,0.0,1200000,2500000,1850000.0,112,3900,1652.0,106241.56,8853.46,82.6,82.6,165.2,-86747.96,-7229.0,-0.05
502,Townhouse,Valletta,1,2,6,1.0,1.5,86.0,15.0,115.0,0.0,1100000,1820000,1460000.0,650,1600,1008.33,83844.69,6987.06,50.42,50.42,100.83,-71946.4,-5995.53,-0.05
