Type,Town,Bedrooms,Sale_Count,Rent_Count,Sale_Median_Bathrooms,Rent_Median_Bathrooms,Sale_Median_IntArea,Rent_Median_IntArea,Sale_Median_ExtArea,Rent_Median_ExtArea,Sale_Min_Price,Sale_Max_Price,Sale_Mean_Price,Rent_Min_Price,Rent_Max_Price,Rent_Mean_Price,Downpayment,Repayment_Year,Repayment_Monthly,Vacancy_Monthly,Repairs_Monthly,Management_Monthly,Net_Rent_Year,Net_Rent_Monthly,CoC_Return
Studio Flat,St Julian's,1.0,6,32,1.0,1.0,54.5,0.0,5.0,0.0,220000,305000,252500.0,120,3200,2166.72,63125.0,3625.13,302.09,108.34,108.34,216.67,17175.38,1431.28,0.27
Penthouse,Pieta,1.0,4,3,1.0,1.0,57.0,0.0,40.0,0.0,210000,425000,346250.0,800,3250,2433.33,86562.5,4971.1,414.26,121.67,121.67,243.33,18388.87,1532.41,0.21
House of Character,Birkirkara,3.0,5,5,2.0,2.0,160.0,0.0,20.0,0.0,325000,499000,404800.0,1650,4000,2530.0,101200.0,5811.7,484.31,126.5,126.5,253.0,18476.3,1539.69,0.18
Apartment Duplex,St Paul's Bay,2.0,2,2,1.5,1.5,77.5,0.0,14.5,0.0,165000,205000,185000.0,750,1450,1100.0,46250.0,2656.04,221.34,55.0,55.0,110.0,7903.96,658.66,0.17
Apartment,Qormi,4.0,5,11,3.0,2.0,145.0,0.0,13.0,0.0,230000,297000,264400.0,1500,1600,1509.09,66100.0,3795.98,316.33,75.45,75.45,150.91,10691.28,890.94,0.16
Penthouse,Gozo - Xlendi,2.0,3,2,2.0,2.0,110.0,0.0,22.0,0.0,163500,238000,212500.0,1200,1200,1200.0,53125.0,3050.86,254.24,60.0,60.0,120.0,8469.14,705.76,0.16
Apartment,Santa Venera,1.0,4,12,1.0,1.0,57.5,0.0,3.5,0.0,152000,170000,158250.0,750,1050,862.5,39562.5,2271.99,189.33,43.12,43.12,86.25,6008.01,500.67,0.15
Maisonette,Birkirkara,1.0,4,2,1.0,1.0,58.5,0.0,2.5,0.0,143000,185000,163250.0,650,990,820.0,40812.5,2343.77,195.31,41.0,41.0,82.0,5528.23,460.69,0.14
House of Character,Zejtun,3.0,10,3,2.0,3.0,145.0,0.0,24.0,0.0,235000,990000,530600.0,900,4000,2633.33,132650.0,7617.81,634.82,131.67,131.67,263.33,17662.16,1471.85,0.13
Apartment,Hamrun,1.0,17,4,1.0,1.0,55.0,0.0,5.0,0.0,127000,210000,154529.41,650,800,737.5,38632.35,2218.57,184.88,36.88,36.88,73.75,4861.43,405.12,0.13
Apartment,Guardamangia,1.0,3,4,1.0,1.0,50.0,0.0,9.0,0.0,159000,175000,164666.67,750,950,812.5,41166.67,2364.11,197.01,40.62,40.62,81.25,5435.89,452.99,0.13
Apartment,San Gwann,4.0,3,12,1.0,3.5,135.0,0.0,13.0,0.0,266000,360000,317000.0,950,3800,1554.17,79250.0,4551.16,379.26,77.71,77.71,155.42,10368.87,864.07,0.13
Maisonette,Balzan,2.0,2,9,1.5,2.0,91.0,0.0,21.0,0.0,240000,250000,245000.0,900,1500,1183.33,61250.0,3517.46,293.12,59.17,59.17,118.33,7842.51,653.54,0.13
Apartment,Gozo - Zebbug,3.0,3,15,2.0,2.0,0.0,0.0,0.0,0.0,172000,175000,173666.67,450,2200,827.67,43416.67,2493.33,207.78,41.38,41.38,82.77,5452.31,454.36,0.13
Apartment,Ta' Xbiex,1.0,3,9,2.0,1.0,60.0,0.0,3.0,0.0,170000,237000,210666.67,700,1400,1016.67,52666.67,3024.53,252.04,50.83,50.83,101.67,6735.5,561.29,0.13
Apartment,Rabat,1.0,4,3,1.0,1.0,66.0,0.0,6.0,0.0,160000,170000,163750.0,700,850,788.33,40937.5,2350.95,195.91,39.42,39.42,78.83,5217.01,434.75,0.13
Apartment,Pieta,1.0,29,11,1.0,1.0,50.0,0.0,4.0,0.0,130000,225000,165551.72,700,1000,804.55,41387.93,2376.82,198.07,40.23,40.23,80.46,5346.86,445.57,0.13
Apartment,Paola,3.0,26,18,2.0,2.0,114.5,0.0,9.5,0.0,164719,372000,222604.58,700,2000,1016.67,55651.14,3195.93,266.33,50.83,50.83,101.67,6564.11,547.01,0.12
Apartment,Pieta,3.0,35,62,2.0,2.0,118.0,0.0,10.0,0.0,155000,850000,308971.43,700,3000,1448.39,77242.86,4435.89,369.66,72.42,72.42,144.84,9468.65,789.05,0.12
Townhouse,Senglea,3.0,14,3,2.0,3.0,112.5,0.0,6.5,0.0,266000,900000,456714.29,1700,2900,2100.0,114178.57,6557.03,546.42,105.0,105.0,210.0,13602.97,1133.58,0.12
Apartment,Gudja,3.0,7,6,2.0,2.0,115.0,0.0,10.0,0.0,235000,308000,262142.86,850,1400,1191.67,65535.72,3763.58,313.63,59.58,59.58,119.17,7676.46,639.7,0.12
Apartment,Gozo - Xewkija,2.0,4,6,2.0,1.5,85.0,0.0,5.0,0.0,125000,135000,130875.0,550,650,600.0,32718.75,1878.97,156.58,30.0,30.0,60.0,3881.03,323.42,0.12
Apartment,Floriana,2.0,2,19,1.5,2.0,87.5,0.0,13.0,0.0,266000,350000,308000.0,750,3500,1384.21,77000.0,4421.95,368.5,69.21,69.21,138.42,8866.47,738.87,0.12
Apartment,Paola,2.0,16,9,2.0,1.0,80.5,0.0,10.0,0.0,130000,223000,181937.5,675,1350,858.33,45484.38,2612.07,217.67,42.92,42.92,85.83,5627.9,468.99,0.12
Penthouse,Pieta,2.0,4,17,1.5,2.0,79.5,0.0,32.5,0.0,268000,319000,296000.0,1000,1700,1355.88,74000.0,4249.66,354.14,67.79,67.79,135.59,8766.79,730.57,0.12
Apartment,Ta' l-Ibragg,4.0,2,7,2.0,2.0,154.5,0.0,7.0,0.0,330000,395000,362500.0,1250,2300,1657.14,90625.0,5204.4,433.7,82.86,82.86,165.71,10704.14,892.01,0.12
Penthouse Duplex,Gzira,2.0,3,9,2.0,2.0,95.0,0.0,41.0,0.0,330000,356000,345333.33,1000,2700,1505.56,86333.33,4957.94,413.16,75.28,75.28,150.56,9495.44,791.29,0.11
Apartment,Kalkara,2.0,30,21,2.0,2.0,88.5,0.0,10.0,0.0,185000,675000,298133.33,650,4000,1271.43,74533.33,4280.29,356.69,63.57,63.57,127.14,7925.44,660.45,0.11
Penthouse,Fgura,1.0,6,4,1.0,1.0,61.0,0.0,24.5,0.0,155000,199000,180166.67,700,850,800.0,45041.67,2586.65,215.55,40.0,40.0,80.0,5093.35,424.45,0.11
Apartment,San Gwann,1.0,14,52,1.0,1.0,62.0,0.0,8.0,0.0,155000,375000,195500.0,625,1350,846.15,48875.0,2806.79,233.9,42.31,42.31,84.62,5316.25,443.02,0.11
Apartment,Zabbar,2.0,55,11,2.0,2.0,82.0,0.0,9.0,0.0,160000,298000,201194.55,680,1250,884.55,50298.64,2888.54,240.71,44.23,44.23,88.46,5603.14,466.93,0.11
Apartment,Msida,1.0,38,127,1.0,1.0,58.5,0.0,5.5,0.0,150000,239000,178092.11,650,1350,783.54,44523.03,2556.86,213.07,39.18,39.18,78.35,4965.12,413.76,0.11
Apartment,Hamrun,2.0,56,13,2.0,1.0,87.0,0.0,6.5,0.0,108000,245000,194044.64,650,1200,830.77,48511.16,2785.89,232.16,41.54,41.54,83.08,5189.5,432.46,0.11
Apartment,Msida,2.0,88,362,2.0,2.0,80.0,0.0,7.0,0.0,130000,295000,212915.34,80,1600,937.47,53228.84,3056.82,254.73,46.87,46.87,93.75,5942.89,495.24,0.11
Apartment,Luqa,2.0,5,20,2.0,2.0,101.0,0.0,16.0,0.0,175000,205000,193200.0,700,1000,842.5,48300.0,2773.77,231.15,42.12,42.12,84.25,5314.23,442.85,0.11
Apartment,Gozo - Fontana,2.0,3,4,2.0,1.5,97.0,0.0,8.0,0.0,141000,170000,152666.67,450,850,650.0,38166.67,2191.83,182.65,32.5,32.5,65.0,4048.17,337.35,0.11
Apartment,St Paul's Bay,1.0,18,39,1.0,1.0,57.0,0.0,5.5,0.0,125000,345000,183583.33,600,1200,782.69,45895.83,2635.7,219.64,39.13,39.13,78.27,4878.12,406.51,0.11
Penthouse,Fgura,3.0,12,3,2.0,2.0,108.0,0.0,39.0,0.0,218000,390000,315500.0,1050,1500,1350.0,78875.0,4529.62,377.47,67.5,67.5,135.0,8430.38,702.53,0.11
Maisonette,Paola,1.0,6,2,1.0,1.0,63.5,0.0,1.0,0.0,139000,318000,176333.33,700,800,750.0,44083.33,2531.61,210.97,37.5,37.5,75.0,4668.39,389.03,0.11
Apartment,Tarxien,2.0,12,8,2.0,2.0,91.0,0.0,8.5,0.0,180000,255000,201083.33,800,1200,887.5,50270.83,2886.95,240.58,44.38,44.38,88.75,5633.05,469.42,0.11
Apartment,Hamrun,3.0,11,11,2.0,2.0,118.0,0.0,9.0,0.0,133000,257000,202090.91,800,1000,900.0,50522.73,2901.41,241.78,45.0,45.0,90.0,5738.59,478.22,0.11
Apartment,Pembroke,3.0,23,8,2.0,2.0,95.0,0.0,12.0,0.0,284500,495000,349782.61,1000,1900,1481.25,87445.65,5021.82,418.48,74.06,74.06,148.12,9198.18,766.52,0.11
Apartment,Gzira,2.0,78,460,2.0,2.0,88.5,0.0,10.0,0.0,195000,595000,263610.06,45,2500,1116.75,65902.52,3784.64,315.39,55.84,55.84,111.68,6936.16,578.01,0.11
Apartment,Qormi,3.0,73,23,2.0,2.0,120.0,0.0,14.0,0.0,160000,395000,254714.38,500,1600,1017.39,63678.6,3656.93,304.74,50.87,50.87,101.74,6110.02,509.17,0.1
Apartment,Guardamangia,2.0,15,20,2.0,2.0,90.0,0.0,6.0,0.0,195000,250000,226400.0,850,1300,930.0,56600.0,3250.42,270.87,46.5,46.5,93.0,5677.58,473.13,0.1
Apartment,Guardamangia,3.0,7,17,2.0,2.0,115.0,0.0,8.0,0.0,235000,350000,265000.0,900,1550,1100.0,66250.0,3804.6,317.05,55.0,55.0,110.0,6755.4,562.95,0.1
Apartment,Qormi,2.0,47,10,2.0,2.0,87.0,0.0,11.0,0.0,170000,245000,213425.53,700,1000,865.0,53356.38,3064.14,255.35,43.25,43.25,86.5,5239.86,436.65,0.1
Apartment,Gzira,3.0,64,236,2.0,2.0,110.5,0.0,9.5,0.0,225000,450000,311304.69,67,4900,1282.85,77826.17,4469.39,372.45,64.14,64.14,128.28,7845.97,653.83,0.1
Penthouse,Santa Venera,1.0,9,5,1.0,1.0,60.0,0.0,18.0,0.0,180000,245000,216888.89,800,1000,890.0,54222.22,3113.87,259.49,44.5,44.5,89.0,5430.13,452.51,0.1
Penthouse,Qormi,3.0,30,4,2.0,2.0,120.0,0.0,34.0,0.0,249000,532000,342196.67,1100,1750,1362.5,85549.17,4912.91,409.41,68.12,68.12,136.25,8167.09,680.59,0.1
Maisonette,San Pawl tat Targa,3.0,5,4,2.0,2.0,119.0,0.0,40.0,0.0,440000,440000,440000.0,950,3000,1850.0,110000.0,6317.07,526.42,92.5,92.5,185.0,11442.93,953.58,0.1
Apartment,Manikata,2.0,4,6,1.5,2.0,71.0,0.0,5.0,0.0,198000,222000,208250.0,650,1000,850.0,52062.5,2989.84,249.15,42.5,42.5,85.0,5170.16,430.85,0.1
Maisonette,Luqa,2.0,2,5,1.5,2.0,86.5,0.0,23.0,0.0,194000,235000,214500.0,850,1000,890.0,53625.0,3079.57,256.63,44.5,44.5,89.0,5464.43,455.37,0.1
Maisonette,Kalkara,2.0,3,2,2.0,1.0,80.0,0.0,18.0,0.0,215000,245000,225000.0,900,900,900.0,56250.0,3230.32,269.19,45.0,45.0,90.0,5409.68,450.81,0.1
Apartment,Pieta,2.0,25,62,2.0,2.0,93.0,0.0,8.0,0.0,154000,450000,258840.0,750,1850,1036.61,64710.0,3716.16,309.68,51.83,51.83,103.66,6235.3,519.61,0.1
Apartment,Birkirkara,2.0,47,74,2.0,2.0,85.0,0.0,8.0,0.0,196000,305000,229553.19,650,1400,942.36,57388.3,3295.69,274.64,47.12,47.12,94.24,5750.97,479.25,0.1
Townhouse,Zebbug,3.0,9,3,2.0,2.0,130.0,0.0,10.0,0.0,239000,980000,453222.22,1000,3000,1900.0,113305.56,6506.9,542.24,95.0,95.0,190.0,11733.1,977.76,0.1
Penthouse,Msida,1.0,19,43,1.0,1.0,60.0,0.0,30.0,0.0,180000,277000,227910.53,650,1600,962.79,56977.63,3272.1,272.68,48.14,48.14,96.28,5970.68,497.56,0.1
Penthouse,Msida,2.0,15,79,2.0,2.0,79.0,0.0,28.0,0.0,196000,350000,285800.0,96,2000,1166.09,71450.0,4103.22,341.94,58.3,58.3,116.61,7091.24,590.94,0.1
Maisonette,Pieta,2.0,4,3,1.5,2.0,89.5,0.0,13.5,0.0,143000,266000,196000.0,700,1000,816.67,49000.0,2813.97,234.5,40.83,40.83,81.67,5026.07,418.84,0.1
Penthouse,Gzira,1.0,15,50,1.0,1.0,56.0,0.0,22.0,0.0,190000,325000,251200.0,72,1500,1027.94,62800.0,3606.47,300.54,51.4,51.4,102.79,6261.75,521.81,0.1
Apartment,Mellieha,1.0,8,23,1.5,1.0,68.0,0.0,11.0,0.0,190000,305000,226750.0,550,1700,947.83,56687.5,3255.44,271.29,47.39,47.39,94.78,5843.73,486.98,0.1
Apartment,Zejtun,2.0,21,10,2.0,2.0,83.0,0.0,12.0,0.0,148000,260000,194666.67,675,900,777.5,48666.67,2794.82,232.9,38.88,38.88,77.75,4669.18,389.1,0.1
Apartment,Marsaxlokk,2.0,23,16,2.0,2.0,85.0,0.0,10.0,0.0,120000,270000,194956.52,700,1000,815.62,48739.13,2798.98,233.25,40.78,40.78,81.56,5030.97,419.25,0.1
Apartment,Ta' Xbiex,2.0,7,44,2.0,2.0,90.0,0.0,4.0,0.0,237000,575000,318428.57,800,4000,1301.14,79607.14,4571.67,380.97,65.06,65.06,130.11,7919.28,659.94,0.1
Apartment,Santa Venera,2.0,53,27,2.0,2.0,91.0,0.0,8.0,0.0,165000,350000,222494.34,700,1100,864.81,55623.58,3194.34,266.2,43.24,43.24,86.48,5107.83,425.65,0.09
Apartment,Msida,3.0,42,221,2.0,2.0,104.0,0.0,10.0,0.0,155000,670000,283690.48,60,1700,1100.29,70922.62,4072.94,339.41,55.01,55.01,110.03,6489.85,540.82,0.09
Apartment,Swieqi,2.0,17,215,2.0,2.0,90.0,0.0,6.5,0.0,135000,530000,301882.35,650,2000,1146.51,75470.59,4334.12,361.18,57.33,57.33,114.65,6672.38,556.03,0.09
Penthouse,Pender Place,3.0,2,6,2.0,2.5,150.0,0.0,68.0,0.0,899000,980000,939500.0,2900,4500,3600.0,234875.0,13488.37,1124.03,180.0,180.0,360.0,21071.63,1755.97,0.09
Apartment,San Gwann,3.0,41,124,2.0,2.0,120.0,0.0,16.0,0.0,208000,450000,300743.9,700,2500,1145.93,75185.98,4317.77,359.81,57.3,57.3,114.59,6683.16,556.93,0.09
Penthouse,San Gwann,3.0,13,15,2.0,2.0,108.5,0.0,24.0,0.0,320000,750000,444000.0,1200,4000,1743.33,111000.0,6374.49,531.21,87.17,87.17,174.33,10361.47,863.46,0.09
Apartment,Kappara,2.0,8,46,2.0,2.0,87.5,0.0,18.5,0.0,150000,385000,289250.0,700,1750,1135.76,72312.5,4152.75,346.06,56.79,56.79,113.58,6750.54,562.55,0.09
Penthouse,Hamrun,1.0,6,3,1.0,1.0,60.0,0.0,21.0,0.0,160000,235000,210500.0,650,850,783.33,52625.0,3022.14,251.85,39.17,39.17,78.33,4497.83,374.82,0.09
Apartment,San Gwann,2.0,61,220,2.0,2.0,85.0,0.0,10.0,0.0,210000,388000,249639.34,600,2200,988.3,62409.84,3584.06,298.67,49.42,49.42,98.83,5903.62,491.97,0.09
Apartment,Gzira,1.0,31,243,1.0,1.0,55.0,0.0,5.0,0.0,165000,595000,251870.97,70,2500,965.37,62967.74,3616.1,301.34,48.27,48.27,96.54,5651.45,470.95,0.09
Apartment,Gozo - Gharb,2.0,2,5,2.0,2.0,84.0,0.0,6.0,0.0,155000,159000,157000.0,500,750,590.0,39250.0,2254.04,187.84,29.5,29.5,59.0,3409.96,284.16,0.09
Penthouse,Tarxien,2.0,9,2,2.0,1.5,88.0,0.0,22.0,0.0,190000,314000,255055.56,900,1100,1000.0,63763.89,3661.82,305.15,50.0,50.0,100.0,5938.18,494.85,0.09
Apartment,B'Kara,3.0,3,9,2.0,2.0,,,,,255000,350000,286666.67,1000,1300,1122.22,71666.67,4115.66,342.97,56.11,56.11,112.22,6657.65,554.8,0.09
Apartment,Balzan,2.0,14,17,2.0,2.0,86.0,0.0,11.0,0.0,240000,385000,262571.43,650,2500,1002.94,65642.86,3769.73,314.14,50.15,50.15,100.29,5858.49,488.21,0.09
Apartment,Birkirkara,1.0,4,4,1.0,1.5,57.0,0.0,7.5,0.0,183000,212000,199250.0,650,850,750.0,49812.5,2860.63,238.39,37.5,37.5,75.0,4339.37,361.61,0.09
Apartment,Birkirkara,3.0,48,88,2.0,2.0,120.0,0.0,10.0,0.0,225000,399000,280583.29,600,1700,1076.93,70145.82,4028.33,335.69,53.85,53.85,107.69,6310.2,525.85,0.09
Townhouse,Rabat,2.0,6,4,2.0,2.5,89.5,0.0,9.0,0.0,238000,470000,326333.33,850,2100,1225.0,81583.33,4685.16,390.43,61.25,61.25,122.5,7074.84,589.57,0.09
Maisonette,Msida,2.0,11,16,2.0,2.0,88.0,0.0,12.0,0.0,138000,380000,230754.55,700,1100,893.75,57688.64,3312.94,276.08,44.69,44.69,89.38,5267.06,438.92,0.09
Apartment,Fgura,2.0,15,8,2.0,1.5,93.0,0.0,9.0,0.0,175000,244000,206266.67,700,900,811.88,51566.67,2961.36,246.78,40.59,40.59,81.19,4832.68,402.72,0.09
Apartment,Fgura,3.0,71,11,2.0,2.0,114.0,0.0,10.0,0.0,180000,329000,224505.63,700,1200,859.09,56126.41,3223.22,268.6,42.95,42.95,85.91,5024.04,418.67,0.09
Maisonette,Pieta,1.0,2,2,1.0,1.0,66.5,0.0,1.5,0.0,175000,266000,220500.0,750,900,825.0,55125.0,3165.71,263.81,41.25,41.25,82.5,4754.29,396.19,0.09
Maisonette,Qawra,2.0,13,18,2.0,1.0,91.0,0.0,10.0,0.0,185000,295000,220692.31,600,1200,833.33,55173.08,3168.47,264.04,41.67,41.67,83.33,4831.5,402.62,0.09
Maisonette,Qawra,3.0,11,21,2.0,2.0,124.0,0.0,40.0,0.0,235000,305000,276636.36,700,2000,1033.33,69159.09,3971.66,330.97,51.67,51.67,103.33,5948.31,495.69,0.09
House of Character,Qormi,3.0,6,2,1.0,3.5,111.5,25.0,29.0,25.0,159000,997000,467166.67,1400,2250,1825.0,116791.67,6707.1,558.92,91.25,91.25,182.5,10812.9,901.08,0.09
Maisonette,Gozo - Victoria,3.0,4,10,2.5,2.0,137.5,0.0,20.5,0.0,176000,225000,201500.0,600,1100,755.0,50375.0,2892.93,241.08,37.75,37.75,75.5,4355.07,362.92,0.09
Penthouse,St Julian's,2.0,5,72,2.0,2.0,80.0,0.0,50.0,0.0,285000,675000,482000.0,85,4000,1882.43,120500.0,6920.06,576.67,94.12,94.12,188.24,11151.27,929.27,0.09
Maisonette,Zabbar,2.0,21,6,2.0,2.0,90.0,0.0,20.0,0.0,180000,315000,238490.48,700,1100,916.67,59622.62,3424.0,285.33,45.83,45.83,91.67,5376.03,448.0,0.09
Apartment,Gozo - Victoria,2.0,11,56,2.0,1.0,105.0,0.0,14.0,0.0,129000,225000,175454.55,450,1000,651.79,43863.64,2519.0,209.92,32.59,32.59,65.18,3738.19,311.52,0.09
Penthouse,Birkirkara,1.0,8,8,2.0,1.0,65.5,0.0,41.0,0.0,187000,277000,231625.0,775,1150,909.38,57906.25,3325.43,277.12,45.47,45.47,90.94,5404.62,450.38,0.09
Apartment,Xghajra,2.0,5,17,1.0,2.0,80.0,0.0,5.0,0.0,190000,273000,210800.0,650,1200,826.47,52700.0,3026.45,252.2,41.32,41.32,82.65,4907.66,408.97,0.09
Apartment,Rabat,3.0,47,38,2.0,2.0,131.0,0.0,11.0,0.0,254000,420000,294044.68,650,3000,1062.63,73511.17,4221.59,351.8,53.13,53.13,106.26,5979.66,498.3,0.08
Maisonette,Gozo - Ghajnsielem,3.0,2,4,1.5,2.0,172.5,0.0,16.0,0.0,195000,245000,220000.0,600,1100,812.5,55000.0,3158.53,263.21,40.62,40.62,81.25,4641.47,386.79,0.08
Apartment,Safi,2.0,2,5,1.0,2.0,81.5,0.0,13.5,0.0,210000,233000,221500.0,650,950,820.0,55375.0,3180.07,265.01,41.0,41.0,82.0,4691.93,390.99,0.08
Maisonette,Hamrun,1.0,7,4,1.0,1.0,50.0,0.0,8.0,0.0,123000,372000,212857.14,750,850,775.0,53214.28,3055.98,254.67,38.75,38.75,77.5,4384.02,365.33,0.08
Penthouse,Kappara,2.0,2,3,2.0,2.0,114.5,0.0,67.0,0.0,360000,390000,375000.0,1150,1400,1316.67,93750.0,5383.86,448.66,65.83,65.83,131.67,7256.17,604.68,0.08
Apartment,Swieqi,4.0,2,44,2.5,2.0,116.5,0.0,6.0,0.0,385000,410000,397500.0,900,2300,1396.59,99375.0,5706.89,475.57,69.83,69.83,139.66,7700.37,641.7,0.08
Maisonette,Floriana,2.0,3,5,1.0,1.0,90.0,0.0,4.0,0.0,190000,450000,321666.67,750,1500,1130.0,80416.67,4618.16,384.85,56.5,56.5,113.0,6229.84,519.15,0.08
Apartment,Swieqi,3.0,57,377,2.0,2.0,124.0,0.0,12.5,0.0,155000,570000,390228.07,90,3000,1409.14,97557.02,5602.49,466.87,70.46,70.46,140.91,7925.25,660.44,0.08
Penthouse,Birkirkara,2.0,10,21,2.0,2.0,83.5,0.0,35.0,0.0,240000,330000,285900.0,650,1300,1039.52,71475.0,4104.66,342.05,51.98,51.98,103.95,5874.73,489.56,0.08
Maisonette,Floriana,1.0,2,2,1.0,1.5,69.0,0.0,1.0,0.0,220000,385000,302500.0,800,1350,1075.0,75625.0,4342.98,361.92,53.75,53.75,107.5,5977.02,498.08,0.08
Apartment,Swieqi,1.0,4,87,1.0,1.0,60.0,0.0,9.5,0.0,213000,290000,250750.0,650,2000,898.68,62687.5,3600.01,300.0,44.93,44.93,89.87,5027.32,418.94,0.08
Maisonette,Birkirkara,2.0,9,20,2.0,2.0,85.0,0.0,14.0,0.0,189000,400000,265555.56,750,1300,951.25,66388.89,3812.57,317.71,47.56,47.56,95.12,5319.43,443.29,0.08
Maisonette,Swieqi,2.0,4,58,2.0,2.0,97.0,0.0,23.0,0.0,321000,375000,347750.0,115,2000,1236.03,86937.5,4992.64,416.05,61.8,61.8,123.6,6873.25,572.77,0.08
Apartment,Swatar,2.0,12,65,2.0,2.0,0.0,0.0,0.0,0.0,224000,256000,244916.67,85,1400,901.69,61229.17,3516.26,293.02,45.08,45.08,90.17,5139.96,428.33,0.08
Maisonette,St Julian's,2.0,5,31,2.0,2.0,87.0,0.0,5.0,0.0,260000,425000,352000.0,115,3500,1301.13,88000.0,5053.65,421.14,65.06,65.06,130.11,7437.2,619.77,0.08
Maisonette,Paola,2.0,6,10,1.5,1.0,78.5,0.0,8.0,0.0,140000,270000,207500.0,650,850,755.0,51875.0,2979.07,248.26,37.75,37.75,75.5,4268.93,355.74,0.08
Penthouse,Ghaxaq,2.0,9,2,2.0,2.0,100.0,0.0,30.0,0.0,265000,310000,296666.67,950,1200,1075.0,74166.67,4259.23,354.94,53.75,53.75,107.5,6060.77,505.06,0.08
Penthouse,Kalkara,2.0,5,3,2.0,2.0,86.0,0.5,36.0,0.5,293000,398000,343800.0,900,1500,1200.0,85950.0,4935.93,411.33,60.0,60.0,120.0,6584.07,548.67,0.08
House of Character,Siggiewi,2.0,3,3,2.0,3.0,145.0,0.0,15.0,0.0,350000,545000,457333.33,750,2800,1616.67,114333.33,6565.92,547.16,80.83,80.83,161.67,8954.11,746.18,0.08
Apartment,Zabbar,3.0,88,21,2.0,2.0,115.0,0.0,16.0,0.0,175000,320000,247204.55,700,1500,866.67,61801.14,3549.11,295.76,43.33,43.33,86.67,4770.92,397.58,0.08
Apartment,Tarxien,3.0,46,16,2.0,2.0,108.0,0.0,15.0,0.0,213000,308000,237913.04,725,950,873.44,59478.26,3415.71,284.64,43.67,43.67,87.34,4969.31,414.11,0.08
Penthouse,Balzan,2.0,7,15,2.0,2.0,95.0,0.0,68.0,0.0,250000,495000,348714.29,950,1600,1290.0,87178.57,5006.48,417.21,64.5,64.5,129.0,7377.52,614.79,0.08
Maisonette,San Gwann,2.0,3,11,2.0,2.0,96.0,0.0,29.0,0.0,189000,388000,298666.67,800,1500,1056.82,74666.67,4287.95,357.33,52.84,52.84,105.68,5857.52,488.13,0.08
Apartment,Santa Venera,3.0,29,34,2.0,2.0,116.0,0.0,10.0,0.0,143000,457000,264275.86,700,1650,977.94,66068.96,3794.2,316.18,48.9,48.9,97.79,5594.02,466.17,0.08
Penthouse,Iklin,2.0,2,3,1.5,2.0,66.0,0.0,38.0,0.0,292000,295000,293500.0,850,1350,1033.33,73375.0,4213.77,351.15,51.67,51.67,103.33,5706.2,475.52,0.08
Penthouse,Iklin,1.0,6,2,1.5,1.0,56.0,0.0,37.0,0.0,250000,350000,308333.33,1000,1250,1125.0,77083.33,4426.73,368.89,56.25,56.25,112.5,6373.27,531.11,0.08
Penthouse,Hamrun,2.0,11,4,2.0,1.5,70.0,0.0,21.5,0.0,189000,404000,258818.18,800,1100,950.0,64704.54,3715.84,309.65,47.5,47.5,95.0,5404.16,450.35,0.08
Apartment,Ta' l-Ibragg,2.0,4,72,2.0,2.0,91.0,0.0,0.0,0.0,315000,420000,362500.0,700,2900,1294.03,90625.0,5204.4,433.7,64.7,64.7,129.4,7218.29,601.52,0.08
Maisonette,Gzira,1.0,4,21,1.0,1.0,62.0,0.0,11.5,0.0,165000,350000,235000.0,650,1100,829.76,58750.0,3373.89,281.16,41.49,41.49,82.98,4591.81,382.65,0.08
Apartment,Qormi,1.0,10,3,1.0,1.0,60.5,0.0,6.0,0.0,150000,239000,191950.0,650,700,666.67,47987.5,2755.82,229.65,33.33,33.33,66.67,3644.21,303.68,0.08
Penthouse,Qawra,1.0,7,8,1.0,1.0,60.0,0.0,24.0,0.0,163500,290000,252214.29,750,1000,912.5,63053.57,3621.03,301.75,45.62,45.62,91.25,5138.97,428.25,0.08
Townhouse,Paola,2.0,4,4,2.0,1.0,90.0,0.0,11.0,0.0,270000,340000,303750.0,900,1200,1050.0,75937.5,4360.93,363.41,52.5,52.5,105.0,5719.07,476.59,0.08
Apartment,Gozo - Xaghra,2.0,4,15,1.5,2.0,86.5,0.0,19.5,0.0,135000,225000,181750.0,450,850,651.67,45437.5,2609.38,217.45,32.58,32.58,65.17,3646.65,303.89,0.08
Penthouse Duplex,Sliema,3.0,6,9,2.0,3.0,127.0,0.0,29.5,0.0,580000,1100000,696500.0,1500,3500,2488.89,174125.0,9999.63,833.3,124.44,124.44,248.89,13893.72,1157.81,0.08
Apartment,Marsascala,2.0,55,185,1.0,1.0,90.0,0.0,9.0,0.0,169000,325000,231990.91,55,1500,854.35,57997.73,3330.69,277.56,42.72,42.72,85.44,4871.07,405.92,0.08
Apartment,Ghaxaq,3.0,30,15,2.0,2.0,111.0,0.0,13.0,0.0,220000,372000,260233.33,700,1200,920.0,65058.33,3736.16,311.35,46.0,46.0,92.0,5095.84,424.65,0.08
Apartment,Gozo - Fontana,3.0,3,6,2.0,1.5,130.0,0.0,19.0,0.0,170000,230000,190666.67,550,800,658.33,47666.67,2737.4,228.12,32.92,32.92,65.83,3582.57,298.55,0.08
Apartment,Gozo - Gharb,3.0,4,15,2.0,2.0,142.5,0.0,18.0,0.0,180000,250000,209250.0,500,1200,736.67,52312.5,3004.2,250.35,36.83,36.83,73.67,4067.84,338.99,0.08
Apartment,Lija,3.0,7,33,2.0,2.0,125.0,0.0,21.0,0.0,320000,405000,358571.43,800,1600,1280.3,89642.86,5148.0,429.0,64.02,64.02,128.03,7142.88,595.24,0.08
Penthouse,Zabbar,2.0,22,5,2.0,2.0,88.0,0.0,33.5,0.0,196700,462500,287927.27,800,1300,1020.0,71981.82,4133.76,344.48,51.0,51.0,102.0,5658.24,471.52,0.08
Penthouse,Santa Venera,2.0,9,10,1.0,2.0,84.0,0.0,24.0,0.0,215000,400000,265444.44,750,1200,937.5,66361.11,3810.98,317.58,46.88,46.88,93.75,5189.02,432.42,0.08
Apartment,Iklin,2.0,24,10,2.0,2.0,81.0,0.0,10.0,0.0,232000,350000,267833.33,700,1200,930.0,66958.33,3845.27,320.44,46.5,46.5,93.0,5082.73,423.56,0.08
Penthouse,St Julian's,1.0,3,41,1.0,1.0,66.0,0.0,17.0,0.0,260000,350000,313333.33,700,1600,1137.2,78333.33,4498.52,374.88,56.86,56.86,113.72,6418.6,534.88,0.08
Penthouse,Swieqi,1.0,4,27,1.0,1.0,60.0,0.0,28.5,0.0,275000,365000,316250.0,700,1650,1130.56,79062.5,4540.39,378.37,56.53,56.53,113.06,6312.98,526.08,0.08
Penthouse,Swatar,2.0,4,31,2.0,2.0,0.0,0.0,4.0,0.0,266000,309000,285000.0,750,1300,998.39,71250.0,4091.74,340.98,49.92,49.92,99.84,5492.81,457.73,0.08
Apartment,Gozo - Xlendi,1.0,4,8,1.0,1.0,58.5,0.0,14.5,0.0,145000,160000,152125.0,450,1000,553.75,38031.25,2184.05,182.0,27.69,27.69,55.38,3131.95,261.0,0.08
Apartment,Mgarr,2.0,6,20,2.5,2.0,90.0,0.0,14.0,0.0,222000,265000,236583.33,650,1250,832.5,59145.83,3396.62,283.05,41.62,41.62,83.25,4595.38,382.95,0.08
Apartment,Gozo - Victoria,3.0,29,81,2.0,2.0,119.0,0.0,14.0,0.0,153000,345000,217931.03,400,1500,771.85,54482.76,3128.83,260.74,38.59,38.59,77.18,4280.93,356.74,0.08
Penthouse,Marsascala,1.0,2,5,1.5,1.0,68.5,0.0,50.0,0.0,213000,233000,223000.0,700,1000,810.0,55750.0,3201.6,266.8,40.5,40.5,81.0,4574.4,381.2,0.08
Apartment,Birguma,3.0,2,3,2.0,2.0,57.5,0.0,4.5,0.0,330000,340000,335000.0,1000,1600,1200.0,83750.0,4809.58,400.8,60.0,60.0,120.0,6710.42,559.2,0.08
Apartment,Mosta,2.0,78,59,2.0,2.0,86.0,0.0,8.0,0.0,143000,420000,249410.26,650,1650,915.25,62352.56,3580.78,298.4,45.76,45.76,91.52,5205.62,433.8,0.08
Apartment,Qawra,2.0,108,216,2.0,2.0,87.5,0.0,11.0,0.0,139000,371000,230597.22,600,1400,824.68,57649.3,3310.68,275.89,41.23,41.23,82.47,4606.25,383.85,0.08
Apartment,Pembroke,2.0,3,13,2.0,2.0,99.0,0.0,22.0,0.0,345000,350000,346666.67,800,1600,1230.77,86666.67,4977.08,414.76,61.54,61.54,123.08,6838.31,569.86,0.08
Apartment,Naxxar,2.0,16,72,2.0,2.0,94.0,0.0,9.0,0.0,240000,335000,281000.0,700,2000,988.75,70250.0,4034.31,336.19,49.44,49.44,98.88,5457.69,454.81,0.08
Penthouse,Marsaxlokk,2.0,7,7,2.0,2.0,85.0,0.0,35.0,0.0,155000,446500,330214.29,800,1500,1157.14,82553.57,4740.88,395.07,57.86,57.86,115.71,6367.67,530.64,0.08
Penthouse,Paola,2.0,6,2,2.0,1.5,61.5,0.0,21.0,0.0,185000,329000,225416.67,750,900,825.0,56354.17,3236.3,269.69,41.25,41.25,82.5,4683.7,390.31,0.08
Apartment,Bugibba,3.0,55,96,2.0,2.0,113.0,0.0,20.0,0.0,185000,795000,284145.45,64,2000,1027.75,71036.36,4079.47,339.96,51.39,51.39,102.78,5786.93,482.24,0.08
Maisonette,Mosta,1.0,3,2,1.0,1.0,67.0,0.0,0.0,0.0,170000,218000,201666.67,650,700,675.0,50416.67,2895.32,241.28,33.75,33.75,67.5,3584.68,298.72,0.07
Maisonette,Ghaxaq,2.0,4,3,2.0,1.0,95.5,0.0,20.5,0.0,215000,240000,231250.0,650,850,750.0,57812.5,3320.05,276.67,37.5,37.5,75.0,3879.95,323.33,0.07
Maisonette,Sliema,1.0,3,42,1.0,1.0,72.0,0.0,0.0,0.0,240000,310000,272666.67,700,1350,880.95,68166.67,3914.67,326.22,44.05,44.05,88.1,4542.45,378.54,0.07
Apartment,Gozo - Marsalforn,2.0,7,77,1.0,1.0,70.0,0.0,7.0,0.0,144000,268000,178500.0,450,1100,605.78,44625.0,2562.72,213.56,30.29,30.29,60.58,3252.77,271.06,0.07
Maisonette,Tarxien,2.0,4,2,2.0,2.0,118.5,0.0,17.0,0.0,255000,270000,261500.0,850,850,850.0,65375.0,3754.35,312.86,42.5,42.5,85.0,4405.65,367.14,0.07
Maisonette,Hamrun,2.0,8,4,2.0,1.5,103.0,0.0,27.5,0.0,159000,320000,249087.5,700,1000,850.0,62271.88,3576.14,298.01,42.5,42.5,85.0,4583.86,381.99,0.07
Maisonette,Xghajra,3.0,5,3,2.0,2.0,101.0,0.0,14.0,0.0,256000,309000,275600.0,800,1200,933.33,68900.0,3956.78,329.73,46.67,46.67,93.33,5003.19,416.93,0.07
Maisonette,Zejtun,2.0,3,6,1.0,2.0,61.0,0.0,5.0,0.0,184500,266000,215500.0,700,800,716.67,53875.0,3093.93,257.83,35.83,35.83,71.67,3786.11,315.51,0.07
Maisonette,Zurrieq,3.0,6,10,2.0,2.0,126.5,0.0,28.5,0.0,239000,399000,307000.0,650,2000,980.0,76750.0,4407.59,367.3,49.0,49.0,98.0,5000.41,416.7,0.07
Apartment,Zejtun,3.0,34,4,2.0,2.0,110.0,0.0,14.5,0.0,157500,425000,252747.06,750,1000,837.5,63186.76,3628.68,302.39,41.88,41.88,83.75,4411.32,367.61,0.07
Apartment,Attard,3.0,40,93,2.0,2.0,120.0,0.0,13.0,0.0,240000,420000,322650.0,750,1800,1085.81,80662.5,4632.28,386.02,54.29,54.29,108.58,5791.5,482.63,0.07
Apartment,Qawra,4.0,2,8,3.0,2.0,194.0,0.0,26.0,0.0,243000,248000,245500.0,110,1200,820.0,61375.0,3524.64,293.72,41.0,41.0,82.0,4347.36,362.28,0.07
Apartment,Zebbug,2.0,20,26,2.0,2.0,89.5,0.0,11.5,0.0,209900,350000,249985.0,700,1300,857.31,62496.25,3589.03,299.09,42.87,42.87,85.73,4641.15,386.76,0.07
Apartment,Balzan,3.0,59,42,2.0,2.0,135.0,0.0,17.0,0.0,240000,610000,366847.46,750,2300,1212.26,91711.86,5266.82,438.9,60.61,60.61,121.23,6370.88,530.91,0.07
Apartment,Birzebbuga,3.0,21,34,2.0,2.0,102.0,0.0,12.0,0.0,199000,430000,271619.05,700,1700,928.24,67904.76,3899.63,324.97,46.41,46.41,92.82,5011.48,417.62,0.07
Penthouse,Zebbug,2.0,10,10,2.0,2.0,94.0,0.0,36.0,0.0,271000,370000,321100.0,750,1500,1045.0,80275.0,4610.02,384.17,52.25,52.25,104.5,5421.98,451.83,0.07
Maisonette,Birzebbuga,2.0,7,2,1.0,1.0,90.0,0.0,11.0,0.0,197000,299000,246857.14,750,850,800.0,61714.28,3544.12,295.34,40.0,40.0,80.0,4135.88,344.66,0.07
Maisonette,Qormi,3.0,22,5,2.0,2.0,121.5,0.0,29.0,0.0,225000,850000,325136.36,900,1400,1070.0,81284.09,4667.97,389.0,53.5,53.5,107.0,5604.03,467.0,0.07
Penthouse Duplex,Sliema,2.0,4,13,1.0,2.0,97.0,0.0,39.0,0.0,395000,795000,571250.0,1100,3000,1876.92,142812.5,8201.42,683.45,93.85,93.85,187.69,9817.01,818.08,0.07
Maisonette,Fgura,3.0,29,3,2.0,1.0,115.5,0.0,23.0,0.0,213000,426000,286094.14,850,1000,933.33,71523.54,4107.44,342.29,46.67,46.67,93.33,4852.52,404.38,0.07
Apartment,Gharghur,3.0,20,37,2.0,2.0,125.0,0.0,21.0,0.0,265000,1350000,492800.0,600,4000,1668.24,123200.0,7075.11,589.59,83.41,83.41,166.82,8939.99,745.0,0.07
Maisonette,Pembroke,3.0,3,16,2.0,2.0,118.0,0.0,32.0,0.0,375000,460000,431666.67,1000,2000,1475.0,107916.67,6197.42,516.45,73.75,73.75,147.5,7962.58,663.55,0.07
Apartment,Fort Cambridge,3.0,41,65,2.0,2.0,165.0,0.0,29.0,0.0,145000,1900000,1018463.41,2300,4500,3250.77,254615.85,14622.05,1218.5,162.54,162.54,325.08,16585.35,1382.11,0.07
Maisonette,Naxxar,3.0,7,30,2.0,2.0,140.0,0.0,32.0,0.0,295000,460000,351428.57,750,2200,1151.67,87857.14,5045.45,420.45,57.58,57.58,115.17,6010.58,500.88,0.07
Townhouse,Birkirkara,2.0,7,4,2.0,3.0,110.0,0.0,15.0,0.0,239000,355000,307000.0,800,1300,995.0,76750.0,4407.59,367.3,49.75,49.75,99.5,5144.41,428.7,0.07
Maisonette,Balzan,3.0,8,13,2.0,2.0,140.0,0.0,32.0,0.0,270000,435000,388125.0,850,2200,1269.23,97031.25,5572.3,464.36,63.46,63.46,126.92,6612.31,551.03,0.07
Townhouse,Cospicua,3.0,16,5,2.0,3.0,130.0,0.0,11.0,0.0,175000,639000,452750.0,950,1800,1480.0,113187.5,6500.12,541.68,74.0,74.0,148.0,7707.88,642.32,0.07
Maisonette,Marsascala,3.0,28,33,2.0,2.0,116.0,0.0,42.5,0.0,220000,395000,307642.86,200,3500,1004.76,76910.72,4416.82,368.07,50.24,50.24,100.48,5228.88,435.74,0.07
Maisonette,Mosta,2.0,15,11,2.0,2.0,100.0,0.0,19.0,0.0,183000,372000,278366.67,700,1700,959.09,69591.67,3996.5,333.04,47.95,47.95,95.91,5210.76,434.23,0.07
Maisonette,Mellieha,2.0,7,22,2.0,1.5,88.0,0.0,14.0,0.0,225000,313000,262857.14,650,1500,900.0,65714.28,3773.83,314.49,45.0,45.0,90.0,4866.17,405.51,0.07
Maisonette,Attard,2.0,4,17,2.0,2.0,83.0,0.0,22.0,0.0,245000,300000,275875.0,700,1300,911.76,68968.75,3960.73,330.06,45.59,45.59,91.18,4792.17,399.35,0.07
Penthouse,Attard,2.0,9,12,2.0,2.0,89.0,0.0,29.0,0.0,297500,425000,367055.56,750,1900,1225.0,91763.89,5269.8,439.15,61.25,61.25,122.5,6490.2,540.85,0.07
Penthouse,Balzan,3.0,9,5,2.0,3.0,135.0,0.0,35.0,0.0,360000,625000,473111.11,750,2500,1540.0,118277.78,6792.44,566.04,77.0,77.0,154.0,7991.56,665.96,0.07
Apartment,Marsaxlokk,3.0,43,21,2.0,2.0,120.0,0.0,17.0,0.0,198000,480000,271202.33,700,1200,892.86,67800.58,3893.64,324.47,44.64,44.64,89.29,4677.81,389.82,0.07
Apartment,Kappara,3.0,21,17,2.0,2.0,113.5,0.0,13.0,0.0,240000,425000,342857.14,600,1500,1144.12,85714.28,4922.39,410.2,57.21,57.21,114.41,6061.16,505.1,0.07
Apartment,Swatar,3.0,20,61,2.0,2.0,132.0,0.0,20.0,0.0,250000,355000,304325.0,750,1400,1031.97,76081.25,4369.18,364.1,51.6,51.6,103.2,5537.73,461.48,0.07
Apartment,Manikata,3.0,7,14,2.0,2.0,115.0,0.0,25.0,0.0,299000,440000,359428.57,600,1900,1182.14,89857.14,5160.3,430.03,59.11,59.11,118.21,6188.24,515.69,0.07
Apartment,St Paul's Bay,4.0,2,8,2.0,2.0,160.0,0.0,7.0,0.0,265000,385000,325000.0,800,1500,1118.75,81250.0,4666.01,388.83,55.94,55.94,111.88,6073.99,506.17,0.07
Apartment,St Paul's Bay,3.0,106,217,2.0,2.0,109.0,0.0,12.0,0.0,208000,990000,291386.79,650,2500,981.27,72846.7,4183.43,348.62,49.06,49.06,98.13,5236.76,436.4,0.07
Apartment,St Paul's Bay,2.0,129,198,2.0,2.0,87.0,0.0,12.0,0.0,145000,550000,259040.0,100,2000,849.44,64760.0,3719.03,309.92,42.47,42.47,84.94,4435.6,369.63,0.07
Penthouse,Qormi,2.0,16,6,2.0,2.0,80.0,0.0,32.0,0.0,212000,400000,287231.25,800,1100,958.33,71807.81,4123.77,343.65,47.92,47.92,95.83,5076.2,423.02,0.07
Penthouse,Gozo - Xaghra,2.0,4,11,2.0,2.0,97.5,0.0,22.5,0.0,185000,355000,255500.0,600,1400,877.27,63875.0,3668.21,305.68,43.86,43.86,87.73,4753.59,396.13,0.07
Apartment,Mellieha,2.0,65,151,2.0,2.0,90.0,0.0,9.0,0.0,183000,575000,268207.69,83,1950,901.11,67051.92,3850.65,320.89,45.06,45.06,90.11,4800.01,400.0,0.07
Apartment,Ta' l-Ibragg,3.0,15,131,2.0,2.0,117.0,0.0,11.0,0.0,355000,850000,448600.0,700,3000,1450.38,112150.0,6440.54,536.71,72.52,72.52,145.04,7483.11,623.59,0.07
Penthouse,Gzira,3.0,11,29,2.0,2.0,106.5,0.0,16.5,0.0,300000,1050000,527636.36,1000,3000,1731.03,131909.09,7575.26,631.27,86.55,86.55,173.1,9042.63,753.55,0.07
Apartment,Siggiewi,3.0,25,22,2.0,2.0,105.0,0.0,12.0,0.0,229000,340000,292572.0,700,1200,986.36,73143.0,4200.45,350.04,49.32,49.32,98.64,5268.61,439.05,0.07
Apartment,Siggiewi,2.0,5,9,2.0,2.0,87.0,0.0,12.0,0.0,189000,282000,238000.0,650,875,797.22,59500.0,3416.96,284.75,39.86,39.86,79.72,4236.35,353.03,0.07
Apartment,Mosta,1.0,6,11,2.0,1.0,68.5,0.0,2.5,0.0,185000,249000,219333.33,650,850,720.45,54833.33,3148.96,262.41,36.02,36.02,72.04,3767.36,313.95,0.07
Apartment,Mosta,4.0,3,6,3.0,2.0,199.0,0.0,8.0,0.0,330000,350000,340000.0,800,1400,1125.0,85000.0,4881.37,406.78,56.25,56.25,112.5,5918.63,493.22,0.07
Apartment,Naxxar,3.0,36,103,2.0,2.0,110.0,0.0,10.0,0.0,250000,450000,320305.56,600,1600,1035.44,80076.39,4598.62,383.22,51.77,51.77,103.54,5341.61,445.13,0.07
Apartment,Safi,3.0,9,10,2.0,2.0,107.0,0.0,14.0,0.0,225000,298000,253222.22,650,1000,825.0,63305.56,3635.5,302.96,41.25,41.25,82.5,4284.5,357.04,0.07
Apartment,Rabat,2.0,14,17,2.0,2.0,100.0,0.0,9.0,0.0,230000,385000,269985.71,700,1150,867.65,67496.43,3876.18,323.01,43.38,43.38,86.76,4453.26,371.11,0.07
Apartment,Kalkara,3.0,27,18,2.0,2.0,124.0,0.0,12.0,0.0,223000,1300000,402851.85,750,3000,1293.06,100712.96,5783.73,481.98,64.65,64.65,129.31,6629.64,552.47,0.07
Penthouse,Gozo - Ghajnsielem,1.0,3,4,1.0,1.0,47.0,0.0,11.0,0.0,165000,180000,171666.67,450,900,575.0,42916.67,2464.61,205.38,28.75,28.75,57.5,3055.39,254.62,0.07
Apartment,Gozo - Xlendi,3.0,3,15,2.0,2.0,124.0,0.0,15.0,0.0,186000,285000,219666.67,450,2300,743.33,54916.67,3153.75,262.81,37.17,37.17,74.33,3982.22,331.85,0.07
Apartment,Gzira,4.0,4,16,2.0,2.0,154.5,0.0,25.5,0.0,335000,490000,443750.0,800,2000,1450.0,110937.5,6370.9,530.91,72.5,72.5,145.0,7549.1,629.09,0.07
Apartment,Gozo - Xaghra,3.0,18,39,2.0,2.0,128.5,0.0,17.0,0.0,151000,365000,198944.44,450,1100,660.13,49736.11,2856.24,238.02,33.01,33.01,66.01,3481.01,290.08,0.07
Apartment,Gozo - Xewkija,3.0,12,17,2.5,2.0,133.5,0.0,18.0,0.0,145000,250000,190208.33,500,800,646.76,47552.08,2730.81,227.57,32.34,32.34,64.68,3478.08,289.84,0.07
Apartment,Valletta,3.0,5,15,2.0,2.0,102.0,0.0,2.5,0.0,495000,744000,594800.0,950,3300,2003.33,148700.0,8539.52,711.63,100.17,100.17,200.33,10692.44,891.04,0.07
Penthouse,Bugibba,3.0,7,14,2.0,2.0,117.5,0.0,64.0,0.0,300000,460000,377142.86,800,2000,1222.5,94285.72,5414.63,451.22,61.12,61.12,122.25,6321.37,526.78,0.07
Apartment,Attard,2.0,14,34,2.0,2.0,92.0,0.0,8.0,0.0,223000,389000,273214.29,700,1400,936.76,68303.57,3922.53,326.88,46.84,46.84,93.68,5070.37,422.53,0.07
Penthouse,Santa Venera,3.0,7,7,2.0,2.0,120.0,0.0,28.0,0.0,195000,499000,351571.43,850,1500,1157.14,87892.86,5047.5,420.62,57.86,57.86,115.71,6061.04,505.09,0.07
Penthouse,San Gwann,1.0,6,14,1.0,1.0,53.5,0.0,48.5,0.0,235000,330000,271666.67,700,1200,850.0,67916.67,3900.31,325.03,42.5,42.5,85.0,4259.69,354.97,0.06
Penthouse,Mosta,2.0,27,32,2.0,2.0,91.0,0.0,25.0,0.0,220000,585000,372537.04,750,1950,1163.28,93134.26,5348.5,445.71,58.16,58.16,116.33,5818.99,484.92,0.06
Maisonette,Marsaxlokk,3.0,11,6,2.0,2.0,127.0,0.0,40.0,0.0,178000,390000,316727.27,700,1200,950.0,79181.82,4547.24,378.94,47.5,47.5,95.0,4572.76,381.06,0.06
Maisonette,Marsaxlokk,2.0,9,2,2.0,2.0,90.0,0.0,27.0,0.0,213000,286000,240555.56,700,750,725.0,60138.89,3453.65,287.8,36.25,36.25,72.5,3506.35,292.2,0.06
Maisonette,San Gwann,3.0,3,11,2.0,2.0,109.0,0.0,44.0,0.0,310000,480000,398333.33,800,2800,1245.45,99583.33,5718.86,476.57,62.27,62.27,124.55,6237.46,519.79,0.06
Penthouse,St Paul's Bay,1.0,10,21,1.0,1.0,49.5,0.0,28.0,0.0,200000,532000,273400.0,650,1500,811.9,68350.0,3925.19,327.1,40.6,40.6,81.19,3869.05,322.42,0.06
Maisonette,Kappara,2.0,2,12,2.5,1.0,102.5,0.0,35.5,0.0,290000,450000,370000.0,700,1700,1100.0,92500.0,5312.08,442.67,55.0,55.0,110.0,5247.92,437.33,0.06
Penthouse,Mosta,3.0,21,26,2.0,2.0,127.0,0.0,34.0,0.0,350000,685000,474333.33,700,2700,1498.08,118583.33,6809.99,567.5,74.9,74.9,149.81,7571.58,630.96,0.06
Maisonette,St Paul's Bay,1.0,3,8,1.0,1.0,66.0,0.0,33.0,0.0,175000,255000,215000.0,650,750,678.12,53750.0,3086.75,257.23,33.91,33.91,67.81,3423.2,285.27,0.06
Penthouse,Birkirkara,3.0,14,12,2.0,2.0,120.0,0.0,31.0,0.0,260000,495000,368857.14,900,2000,1175.0,92214.28,5295.67,441.31,58.75,58.75,117.5,5984.33,498.69,0.06
Penthouse,Marsascala,3.0,13,24,2.0,2.0,116.0,0.0,25.0,0.0,372000,660000,451384.62,600,3300,1436.25,112846.16,6480.51,540.04,71.81,71.81,143.62,7307.49,608.96,0.06
Maisonette,Hamrun,3.0,6,2,2.0,2.0,121.5,0.0,30.5,0.0,244000,499999,305583.17,750,1150,950.0,76395.79,4387.25,365.6,47.5,47.5,95.0,4732.75,394.4,0.06
Penthouse,Kappara,1.0,2,4,2.0,1.0,26.5,0.0,16.0,0.0,245000,352000,298500.0,700,1100,950.0,74625.0,4285.55,357.13,47.5,47.5,95.0,4834.45,402.87,0.06
Townhouse,Zejtun,2.0,8,3,2.0,2.0,70.0,0.0,3.0,0.0,198000,585000,360000.0,1000,1250,1116.67,90000.0,5168.51,430.71,55.83,55.83,111.67,5551.52,462.63,0.06
Townhouse,Zejtun,3.0,10,2,2.0,2.5,105.5,0.0,25.5,0.0,235000,750000,508199.9,1200,2000,1600.0,127049.98,7296.21,608.02,80.0,80.0,160.0,8063.79,671.98,0.06
Penthouse,Luqa,2.0,10,3,2.0,2.0,90.0,0.0,22.0,0.0,215000,372000,282800.0,800,900,866.67,70700.0,4060.15,338.35,43.33,43.33,86.67,4259.88,354.99,0.06
Maisonette Duplex,Bugibba,3.0,2,2,2.5,2.0,136.0,0.0,30.0,0.0,290000,290000,290000.0,700,1000,850.0,72500.0,4163.52,346.96,42.5,42.5,85.0,3996.48,333.04,0.06
Penthouse,Bugibba,2.0,8,23,2.0,2.0,73.0,0.0,44.0,0.0,265800,457000,330975.0,650,2500,972.83,82743.75,4751.8,395.98,48.64,48.64,97.28,4587.37,382.28,0.06
Penthouse,Qrendi,2.0,5,2,1.0,1.5,78.0,0.0,38.0,0.0,265000,349000,310200.0,900,1000,950.0,77550.0,4453.53,371.13,47.5,47.5,95.0,4666.47,388.87,0.06
Penthouse,Qormi,1.0,4,2,2.0,1.0,87.0,0.0,19.0,0.0,207000,320000,243000.0,725,750,737.5,60750.0,3488.74,290.73,36.88,36.88,73.75,3591.26,299.27,0.06
Penthouse,Ta' l-Ibragg,2.0,2,19,2.0,2.0,82.5,0.0,41.0,0.0,450000,650000,550000.0,1050,2400,1623.68,137500.0,7896.33,658.03,81.18,81.18,162.37,7691.0,640.92,0.06
Maisonette,St Paul's Bay,3.0,9,9,2.0,2.0,102.0,0.0,29.0,0.0,230000,700000,333888.89,750,1750,1027.78,83472.22,4793.63,399.47,51.39,51.39,102.78,5073.06,422.75,0.06
Penthouse,St Julian's,3.0,10,44,2.0,2.0,121.0,0.0,22.5,0.0,285000,1275000,697500.0,900,4500,2097.73,174375.0,10013.99,834.5,104.89,104.89,209.77,10124.22,843.69,0.06
Maisonette,Swatar,2.0,5,20,2.0,2.0,0.0,0.0,8.0,0.0,287000,303000,296600.0,700,1200,912.5,74150.0,4258.28,354.86,45.62,45.62,91.25,4501.72,375.14,0.06
Maisonette,Swatar,3.0,7,18,2.0,2.0,125.0,0.0,40.0,0.0,335000,361500,344642.86,800,1350,1044.44,86160.72,4948.03,412.34,52.22,52.22,104.44,5078.6,423.22,0.06
Penthouse,Swieqi,2.0,14,63,2.0,2.0,94.0,0.0,25.0,0.0,305000,635000,457428.57,800,2200,1415.08,114357.14,6567.29,547.27,70.75,70.75,141.51,7017.48,584.79,0.06
Penthouse Duplex,Swieqi,3.0,3,3,2.0,2.0,105.0,0.0,45.0,0.0,435000,590000,508333.33,1400,1800,1566.67,127083.33,7298.13,608.18,78.33,78.33,156.67,7741.91,645.16,0.06
Terraced House,Gozo - Nadur,3.0,6,4,3.0,2.0,133.0,0.0,24.5,0.0,285000,515000,346666.67,850,1350,1087.5,86666.67,4977.08,414.76,54.38,54.38,108.75,5462.92,455.24,0.06
Maisonette,Ta' l-Ibragg,3.0,9,34,2.0,2.0,134.0,0.0,28.0,0.0,350000,535000,443777.78,700,2000,1346.53,110944.44,6371.3,530.94,67.33,67.33,134.65,6555.38,546.28,0.06
Penthouse,Gozo - Marsalforn,2.0,4,9,2.0,2.0,94.0,0.0,10.5,0.0,234000,295000,259750.0,600,1100,788.89,64937.5,3729.22,310.77,39.44,39.44,78.89,3844.12,320.34,0.06
Penthouse,San Gwann,2.0,10,40,2.0,2.0,81.0,0.0,28.5,0.0,265000,550000,373200.0,750,2000,1146.25,93300.0,5358.02,446.5,57.31,57.31,114.62,5645.98,470.5,0.06
Townhouse,Birkirkara,3.0,15,4,2.0,2.5,136.0,0.0,25.0,0.0,199000,800000,471266.67,1000,2000,1475.0,117816.67,6765.96,563.83,73.75,73.75,147.5,7394.04,616.17,0.06
Penthouse,Fgura,2.0,21,5,2.0,1.0,85.0,0.0,37.0,0.0,194000,325000,258428.57,700,850,800.0,64607.14,3710.25,309.19,40.0,40.0,80.0,3969.75,330.81,0.06
Maisonette,Sliema,2.0,8,59,2.0,2.0,72.0,0.0,2.0,0.0,280000,585000,368250.0,700,2700,1160.68,92062.5,5286.95,440.58,58.03,58.03,116.07,5855.57,487.96,0.06
Maisonette,St Paul's Bay,2.0,15,27,2.0,1.0,85.0,0.0,22.0,0.0,175000,499000,268938.67,60,1650,830.0,67234.67,3861.14,321.76,41.5,41.5,83.0,4106.86,342.24,0.06
Maisonette,Sliema,3.0,6,24,2.0,2.0,101.0,0.0,11.0,0.0,320000,890000,538333.33,1000,2500,1610.42,134583.33,7728.83,644.07,80.52,80.52,161.04,7731.2,644.27,0.06
Maisonette,Gzira,3.0,8,11,2.0,2.0,108.5,0.0,0.0,0.0,265000,695000,434250.0,900,1800,1363.64,108562.5,6234.51,519.54,68.18,68.18,136.36,6856.43,571.37,0.06
Apartment,Gozo - Kercem,3.0,7,7,4.0,2.0,163.0,0.0,15.0,0.0,120000,310000,222857.14,500,900,660.71,55714.28,3199.55,266.63,33.04,33.04,66.07,3143.26,261.94,0.06
Apartment,Bugibba,2.0,16,163,2.0,2.0,82.0,0.0,13.5,0.0,180000,394000,250750.0,600,1900,798.1,62687.5,3600.01,300.0,39.9,39.9,79.81,4061.75,338.48,0.06
Maisonette,Bugibba,1.0,3,4,1.0,1.0,52.0,0.0,6.0,0.0,150000,385000,240333.33,650,800,725.0,60083.33,3450.46,287.54,36.25,36.25,72.5,3509.54,292.46,0.06
Apartment,Zebbug,3.0,55,74,2.0,2.0,114.0,0.0,15.0,0.0,240000,450000,301181.82,700,1500,915.61,75295.46,4324.06,360.34,45.78,45.78,91.56,4465.8,372.15,0.06
Apartment,Mqabba,3.0,9,4,2.0,2.0,118.0,0.0,10.0,0.0,215000,399000,276444.44,750,900,837.5,69111.11,3968.9,330.74,41.88,41.88,83.75,4071.1,339.26,0.06
Maisonette,Birkirkara,3.0,15,21,2.0,2.0,130.0,0.0,30.0,0.0,266000,549000,348000.0,800,1300,1085.71,87000.0,4996.22,416.35,54.29,54.29,108.57,5426.59,452.22,0.06
Apartment,Bugibba,1.0,7,16,1.0,1.0,40.0,0.0,0.0,0.0,139000,630000,232142.86,600,950,690.62,58035.72,3332.87,277.74,34.53,34.53,69.06,3297.08,274.76,0.06
Maisonette,B'Kara,3.0,2,4,2.0,2.0,,,,,370000,395000,382500.0,1000,1400,1150.0,95625.0,5491.54,457.63,57.5,57.5,115.0,5548.46,462.37,0.06
Apartment,Mosta,3.0,117,150,2.0,2.0,115.0,0.0,17.0,0.0,138000,488000,327850.43,700,1650,1007.69,81962.61,4706.94,392.24,50.38,50.38,100.77,4966.89,413.91,0.06
Apartment,Zurrieq,3.0,13,23,2.0,2.0,115.0,0.0,7.0,0.0,223000,295000,264176.92,55,1200,823.7,66044.23,3792.78,316.06,41.18,41.18,82.37,4114.74,342.9,0.06
Apartment,Xghajra,3.0,12,24,2.0,2.0,120.0,0.0,10.0,0.0,245000,314000,279358.33,700,1200,857.92,69839.58,4010.74,334.23,42.9,42.9,85.79,4225.29,352.11,0.06
Apartment,Xemxija,3.0,13,69,2.0,2.0,115.0,0.0,10.0,0.0,270000,734000,399846.15,750,3000,1239.2,99961.54,5740.58,478.38,61.96,61.96,123.92,6155.74,512.98,0.06
Apartment,Burmarrad,2.0,7,5,2.0,1.0,68.0,0.0,7.0,0.0,192000,306000,238500.0,650,750,710.0,59625.0,3424.14,285.34,35.5,35.5,71.0,3391.86,282.66,0.06
Apartment,Marsascala,3.0,150,248,2.0,2.0,112.5,0.0,14.0,0.0,198000,585000,306146.0,55,2000,942.3,76536.5,4395.33,366.28,47.12,47.12,94.23,4650.75,387.56,0.06
Apartment,Gudja,2.0,5,19,2.0,2.0,109.0,0.0,20.0,0.0,239500,287000,267700.0,700,1000,792.11,66925.0,3843.36,320.28,39.61,39.61,79.21,3760.9,313.41,0.06
Apartment,Burmarrad,3.0,20,5,2.0,2.0,114.0,0.0,13.0,0.0,160500,446000,319650.0,800,1200,970.0,79912.5,4589.2,382.43,48.5,48.5,97.0,4722.8,393.57,0.06
Apartment,Kalkara,1.0,13,3,1.0,1.0,54.0,0.0,9.0,0.0,265000,585000,373461.54,850,1500,1116.67,93365.38,5361.78,446.81,55.83,55.83,111.67,5358.26,446.52,0.06
Apartment,Zurrieq,2.0,24,16,2.0,1.5,90.0,0.0,9.0,0.0,135000,360000,244454.17,700,1000,778.12,61113.54,3509.62,292.47,38.91,38.91,77.81,3960.33,330.03,0.06
Apartment,Iklin,3.0,11,27,2.0,2.0,100.0,0.0,16.0,0.0,260000,380000,333818.18,700,1500,1040.74,83454.54,4792.62,399.38,52.04,52.04,104.07,5198.49,433.21,0.06
House of Character,Birkirkara,2.0,5,2,1.0,2.0,110.0,0.0,22.0,0.0,229000,530000,332200.0,850,1200,1025.0,83050.0,4769.38,397.45,51.25,51.25,102.5,5070.62,422.55,0.06
House of Character,Attard,3.0,4,3,3.0,2.0,183.0,0.0,135.0,0.0,535000,730000,630000.0,1500,2600,1866.67,157500.0,9044.89,753.74,93.33,93.33,186.67,8875.14,739.6,0.06
Apartment,Qrendi,2.0,9,2,2.0,1.5,87.0,0.0,12.0,0.0,184000,300000,230555.56,650,750,700.0,57638.89,3310.08,275.84,35.0,35.0,70.0,3409.92,284.16,0.06
Apartment,Birzebbuga,2.0,19,21,1.0,1.0,74.0,0.0,6.0,0.0,176000,308000,250157.89,650,1200,754.76,62539.47,3591.51,299.29,37.74,37.74,75.48,3654.19,304.52,0.06
Apartment,Bahar Ic-Caghaq,3.0,5,44,2.0,2.0,119.0,0.0,10.0,0.0,350000,689000,437000.0,650,2350,1357.95,109250.0,6273.99,522.83,67.9,67.9,135.8,6762.33,563.53,0.06
Maisonette,Gharghur,2.0,4,9,1.0,2.0,80.0,0.0,26.0,0.0,245000,399000,333750.0,800,1200,1054.44,83437.5,4791.64,399.3,52.72,52.72,105.44,5330.99,444.25,0.06
Apartment,Sliema,2.0,72,1197,2.0,2.0,94.5,0.0,6.5,0.0,285000,1390000,470097.22,50,4500,1403.44,117524.3,6749.17,562.43,70.17,70.17,140.34,6723.85,560.32,0.06
Apartment,Gozo - Marsalforn,3.0,8,79,2.0,2.0,80.0,0.0,22.5,0.0,150000,280000,219125.0,450,1300,680.13,54781.25,3145.97,262.16,34.01,34.01,68.01,3383.28,281.94,0.06
Maisonette,Ghaxaq,3.0,7,4,2.0,2.0,124.0,0.0,31.0,0.0,260000,383000,318714.29,700,1350,975.0,79678.57,4575.77,381.31,48.75,48.75,97.5,4784.23,398.69,0.06
Maisonette,Zabbar,3.0,17,8,2.0,2.0,114.0,0.0,13.0,0.0,202000,430000,292117.65,700,1000,831.25,73029.41,4193.92,349.49,41.56,41.56,83.12,3786.08,315.51,0.05
Apartment,Ibrag,3.0,5,43,2.0,2.0,,,,,340000,795000,500000.0,1000,2400,1422.33,125000.0,7178.48,598.21,71.12,71.12,142.23,6475.88,539.66,0.05
Apartment,Gozo - Marsalforn,1.0,6,6,1.0,1.0,36.0,0.0,6.0,0.0,119000,285000,172833.33,450,550,500.0,43208.33,2481.36,206.78,25.0,25.0,50.0,2318.64,193.22,0.05
Apartment,Xemxija,2.0,5,35,1.0,2.0,81.0,0.0,23.0,0.0,220000,425000,314200.0,650,1600,900.0,78550.0,4510.96,375.91,45.0,45.0,90.0,4129.04,344.09,0.05
Maisonette,Zurrieq,2.0,4,2,2.0,1.5,109.5,66.5,27.0,3.0,202000,405000,285500.0,675,900,787.5,71375.0,4098.91,341.58,39.38,39.38,78.75,3461.09,288.42,0.05
Maisonette,Zebbug,2.0,9,6,1.0,2.0,102.0,0.0,32.0,0.0,255000,410000,331666.67,750,1200,933.33,82916.67,4761.73,396.81,46.67,46.67,93.33,4198.24,349.85,0.05
Penthouse,Swatar,3.0,4,4,2.0,2.0,132.5,0.0,32.5,0.0,400000,490000,443750.0,950,1400,1200.0,110937.5,6370.9,530.91,60.0,60.0,120.0,5149.1,429.09,0.05
Apartment,Gozo - Nadur,3.0,12,40,2.0,2.0,119.0,0.0,15.0,0.0,163000,315500,235833.33,450,1100,680.38,58958.33,3385.85,282.15,34.02,34.02,68.04,3145.8,262.15,0.05
Apartment,Gozo - Qala,2.0,8,21,2.0,2.0,95.5,0.0,8.5,0.0,160000,490000,240250.0,450,1200,660.71,60062.5,3449.26,287.44,33.04,33.04,66.07,2893.55,241.13,0.05
Maisonette Semi-detached,Swieqi,3.0,2,3,2.5,2.0,172.5,0.0,129.0,0.0,495000,950000,722500.0,1600,3000,2066.67,180625.0,10372.91,864.41,103.33,103.33,206.67,9467.12,788.93,0.05
Maisonette,Zebbug,3.0,7,21,2.0,2.0,120.0,0.0,15.0,0.0,277000,450000,360642.86,800,1200,1004.76,90160.72,5177.74,431.48,50.24,50.24,100.48,4467.96,372.33,0.05
Maisonette,Gozo - Xaghra,2.0,2,3,1.5,2.0,118.0,0.0,91.5,0.0,178000,230000,204000.0,450,750,583.33,51000.0,2928.82,244.07,29.17,29.17,58.33,2671.15,222.6,0.05
Apartment,Kirkop,3.0,11,5,2.0,2.0,0.0,0.0,0.0,0.0,275000,370000,297272.73,700,1000,830.0,74318.18,4267.94,355.66,41.5,41.5,83.0,3700.06,308.34,0.05
Apartment,Luqa,3.0,17,12,2.0,2.0,135.0,0.0,12.0,0.0,255000,340000,286647.06,250,1250,837.5,71661.76,4115.38,342.95,41.88,41.88,83.75,3924.62,327.05,0.05
Penthouse,Mellieha,1.0,4,12,1.5,1.0,66.5,0.0,35.5,0.0,215000,420000,317250.0,600,1500,927.5,79312.5,4554.75,379.56,46.38,46.38,92.75,4349.25,362.44,0.05
Apartment,Qrendi,3.0,19,7,2.0,2.0,120.0,0.0,16.0,0.0,198000,425000,306157.89,700,950,850.0,76539.47,4395.5,366.29,42.5,42.5,85.0,3764.5,313.71,0.05
Apartment,San Pawl tat Targa,3.0,14,13,2.0,2.0,115.0,0.0,14.5,0.0,345000,480000,447142.86,650,2000,1276.92,111785.72,6419.62,534.97,63.85,63.85,127.69,5838.82,486.57,0.05
Apartment,Sliema,1.0,20,324,1.0,1.0,57.0,0.0,7.0,0.0,225000,1100000,355550.0,100,1800,970.06,88887.5,5104.62,425.38,48.5,48.5,97.01,4207.96,350.66,0.05
Penthouse,Mosta,1.0,6,8,1.0,1.0,64.0,0.0,32.0,0.0,230000,320000,269666.67,650,950,785.0,67416.67,3871.6,322.63,39.25,39.25,78.5,3664.4,305.37,0.05
Apartment,Portomaso,1.0,9,41,1.0,1.0,70.0,0.0,8.0,0.0,375000,850000,577777.78,70,3500,1665.76,144444.44,8295.14,691.26,83.29,83.29,166.58,7696.16,641.35,0.05
Penthouse,Gzira,2.0,18,86,2.0,2.0,86.5,0.0,28.0,0.0,280000,950000,420055.56,70,2200,1208.08,105013.89,6030.72,502.56,60.4,60.4,120.81,5566.84,463.9,0.05
Penthouse,Guardamangia,2.0,4,3,2.0,2.0,93.0,0.0,54.0,0.0,295000,659000,388500.0,800,1300,1066.67,97125.0,5577.68,464.81,53.33,53.33,106.67,4662.35,388.53,0.05
Apartment,Pender Place,1.0,3,13,1.0,1.0,90.0,0.0,20.0,0.0,499000,525000,511333.33,900,1650,1367.69,127833.33,7341.2,611.77,68.38,68.38,136.77,5788.63,482.39,0.05
Penthouse,Gozo - Xewkija,3.0,2,2,3.0,2.0,129.5,0.0,28.0,0.0,160000,325000,242500.0,700,700,700.0,60625.0,3481.56,290.13,35.0,35.0,70.0,3238.44,269.87,0.05
Penthouse,Msida,3.0,2,45,2.0,2.0,117.0,0.0,81.0,0.0,480000,550000,515000.0,700,3500,1461.11,128750.0,7393.84,616.15,73.06,73.06,146.11,6632.82,552.73,0.05
Apartment,St Julian's,3.0,59,408,2.0,2.0,130.0,0.0,12.0,0.0,240000,2100000,571135.59,100,4250,1557.7,142783.9,8199.78,683.31,77.89,77.89,155.77,6754.14,562.85,0.05
Penthouse,Gozo - Victoria,3.0,6,2,3.0,2.5,108.0,0.0,25.5,0.0,175000,500000,330833.33,700,1200,950.0,82708.33,4749.76,395.81,47.5,47.5,95.0,4370.24,364.19,0.05
Penthouse,Gozo - Victoria,2.0,7,14,2.0,2.0,86.0,0.0,29.0,0.0,180000,330000,262428.57,550,1200,764.29,65607.14,3767.68,313.97,38.21,38.21,76.43,3569.51,297.46,0.05
Penthouse,Naxxar,2.0,5,30,2.0,2.0,83.5,0.0,35.5,0.0,325000,580000,418000.0,700,1900,1194.17,104500.0,6001.21,500.1,59.71,59.71,119.42,5462.82,455.23,0.05
Penthouse,Qawra,2.0,24,27,2.0,2.0,96.0,0.0,60.0,0.0,188000,495000,361770.83,650,1750,1000.0,90442.71,5193.93,432.83,50.0,50.0,100.0,4406.07,367.17,0.05
Maisonette,Xemxija,2.0,2,7,1.0,1.0,61.0,0.0,0.0,0.0,270000,325000,297500.0,650,1200,831.43,74375.0,4271.2,355.93,41.57,41.57,83.14,3710.53,309.21,0.05
Apartment,Madliena,3.0,10,22,2.0,2.0,140.0,0.0,25.0,0.0,425000,1042000,797000.0,950,3500,2327.91,199250.0,11442.5,953.54,116.4,116.4,232.79,10905.43,908.79,0.05
Penthouse,Rabat,1.0,2,5,1.0,1.0,68.5,5.0,24.0,5.0,279000,430000,354500.0,650,1200,960.0,88625.0,5089.55,424.13,48.0,48.0,96.0,4126.45,343.87,0.05
Apartment,Mellieha,3.0,117,186,2.0,2.0,140.0,0.0,18.0,0.0,235000,899000,414709.4,74,2600,1158.99,103677.35,5953.97,496.16,57.95,57.95,115.9,5172.33,431.03,0.05
Maisonette,Valletta,1.0,3,28,1.0,1.0,39.0,0.0,0.0,0.0,319000,390000,343000.0,30,1700,938.93,85750.0,4924.44,410.37,46.95,46.95,93.89,4089.29,340.77,0.05
Maisonette,Valletta,2.0,2,6,2.0,1.5,42.5,0.0,0.0,0.0,320000,600000,460000.0,750,2500,1333.33,115000.0,6604.21,550.35,66.67,66.67,133.33,6195.76,516.31,0.05
Maisonette,Mellieha,3.0,27,36,2.0,2.0,120.0,0.0,29.0,0.0,240000,510000,347962.96,700,3000,1013.61,86990.74,4995.69,416.31,50.68,50.68,101.36,4734.96,394.58,0.05
Apartment,Cospicua,1.0,3,2,1.0,1.0,55.0,21.0,0.0,0.0,157300,390000,249100.0,700,750,725.0,62275.0,3576.32,298.03,36.25,36.25,72.5,3383.68,281.97,0.05
House of Character,Siggiewi,3.0,12,6,3.0,2.5,212.0,0.0,64.0,0.0,365000,1600000,804583.33,750,3500,2241.67,201145.83,11551.38,962.61,112.08,112.08,224.17,9968.66,830.72,0.05
Apartment,Qawra,1.0,5,29,1.0,1.0,112.0,0.0,13.0,0.0,150000,310000,245100.0,550,800,683.28,61275.0,3518.89,293.24,34.16,34.16,68.33,3040.6,253.38,0.05
Townhouse,Naxxar,3.0,4,4,1.5,3.0,125.0,0.0,14.0,0.0,395000,618000,482000.0,1200,1600,1362.5,120500.0,6920.06,576.67,68.12,68.12,136.25,6159.94,513.33,0.05
Maisonette,Attard,3.0,17,25,2.0,2.0,125.0,0.0,40.0,0.0,258000,500000,380764.71,800,1600,1091.0,95191.18,5466.63,455.55,54.55,54.55,109.1,5006.97,417.25,0.05
Maisonette,Naxxar,2.0,5,14,2.0,2.0,116.0,0.0,24.0,0.0,266000,380000,315200.0,700,1200,875.0,78800.0,4525.32,377.11,43.75,43.75,87.5,3874.68,322.89,0.05
Maisonette,Birzebbuga,3.0,4,9,2.0,2.0,106.0,0.0,19.5,0.0,279000,372000,317000.0,700,1100,894.44,79250.0,4551.16,379.26,44.72,44.72,89.44,4035.47,336.29,0.05
Maisonette,Mgarr,3.0,3,20,2.0,2.0,117.0,0.0,24.5,0.0,320000,323000,321000.0,80,1200,884.0,80250.0,4608.59,384.05,44.2,44.2,88.4,3877.81,323.15,0.05
Townhouse,Sliema,2.0,7,33,2.0,2.0,127.5,0.0,43.0,0.0,390000,648000,498000.0,700,3500,1375.76,124500.0,7149.77,595.81,68.79,68.79,137.58,6057.53,504.79,0.05
Maisonette,Cospicua,2.0,2,4,1.0,1.0,69.5,0.0,16.5,0.0,202000,270000,236000.0,150,900,662.5,59000.0,3388.24,282.35,33.12,33.12,66.25,2971.76,247.65,0.05
Maisonette,Qrendi,2.0,3,3,1.0,2.0,85.0,0.0,33.0,0.0,255000,277000,266166.67,700,850,766.67,66541.67,3821.35,318.45,38.33,38.33,76.67,3538.69,294.89,0.05
Maisonette,Marsascala,2.0,14,32,2.0,2.0,102.0,0.0,32.0,0.0,215000,372000,265214.29,42,1200,748.34,66303.57,3807.67,317.31,37.42,37.42,74.83,3376.39,281.37,0.05
Maisonette,Luqa,3.0,3,9,1.0,2.0,81.0,0.0,0.0,0.0,245000,387000,337333.33,700,1300,933.33,84333.33,4843.08,403.59,46.67,46.67,93.33,4116.88,343.07,0.05
Maisonette,Lija,3.0,8,8,2.0,2.0,140.5,0.0,31.0,0.0,355000,904000,436250.0,800,2000,1237.5,109062.5,6263.23,521.94,61.88,61.88,123.75,5616.77,468.06,0.05
Maisonette,Iklin,3.0,7,2,2.0,2.5,107.0,0.0,20.0,0.0,342000,480000,390714.29,1000,1250,1125.0,97678.57,5609.47,467.46,56.25,56.25,112.5,5190.53,432.54,0.05
Maisonette,Iklin,2.0,5,3,2.0,1.0,100.0,0.0,27.0,0.0,265000,360000,317600.0,750,1100,883.33,79400.0,4559.77,379.98,44.17,44.17,88.33,3920.2,326.68,0.05
Apartment,Bahar Ic-Caghaq,2.0,3,26,2.0,2.0,105.0,0.0,10.0,0.0,345000,480000,402333.33,700,2300,1134.62,100583.33,5776.29,481.36,56.73,56.73,113.46,5116.07,426.34,0.05
Maisonette,Gozo - Ghajnsielem,2.0,2,9,2.5,1.0,114.5,0.0,23.5,0.0,155000,215000,185000.0,450,600,527.78,46250.0,2656.04,221.34,26.39,26.39,52.78,2410.65,200.89,0.05
Maisonette,Gzira,2.0,10,35,1.5,2.0,89.5,0.0,27.5,0.0,238000,750000,358100.0,695,1400,1032.71,89525.0,5141.23,428.44,51.64,51.64,103.27,4772.79,397.73,0.05
Villa Semi-detached,Attard,3.0,4,3,3.0,3.0,195.0,0.0,67.5,0.0,875000,1200000,1010000.0,1500,3500,2833.33,252500.0,14500.54,1208.38,141.67,141.67,283.33,12699.43,1058.29,0.05
Apartment,Cospicua,2.0,4,4,1.0,1.0,62.0,0.0,3.5,0.0,190000,295000,227750.0,70,850,617.5,56937.5,3269.8,272.48,30.88,30.88,61.75,2658.2,221.52,0.05
Townhouse,Cospicua,4.0,6,4,2.5,3.0,140.0,62.5,5.0,40.0,325000,990000,571500.0,1200,1800,1550.0,142875.0,8205.01,683.75,77.5,77.5,155.0,6674.99,556.25,0.05
Maisonette,Rabat,3.0,3,6,2.0,2.0,168.0,0.0,24.0,0.0,340000,385000,368333.33,800,1500,1025.0,92083.33,5288.15,440.68,51.25,51.25,102.5,4551.85,379.32,0.05
Terraced House,Gozo - Xewkija,4.0,4,7,4.0,2.0,210.5,0.0,88.0,0.0,298000,490000,386000.0,795,1300,1049.29,96500.0,5541.79,461.82,52.46,52.46,104.93,4531.39,377.62,0.05
Apartment,Gozo - Kercem,2.0,2,4,2.5,2.0,133.0,0.0,23.5,0.0,190000,255000,222500.0,500,700,612.5,55625.0,3194.43,266.2,30.62,30.62,61.25,2685.57,223.8,0.05
Penthouse,Zejtun,2.0,8,2,2.0,1.5,88.0,0.0,26.5,0.0,255000,329000,288000.0,750,850,800.0,72000.0,4134.81,344.57,40.0,40.0,80.0,3545.19,295.43,0.05
Apartment,Gozo - Ghajnsielem,3.0,20,46,2.0,2.0,118.0,0.0,12.0,0.0,140000,795000,232000.0,495,2000,664.57,58000.0,3330.82,277.57,33.23,33.23,66.46,3049.06,254.09,0.05
Maisonette,St Julian's,3.0,4,36,2.0,2.0,147.5,0.0,29.0,0.0,320000,700000,498750.0,750,4000,1455.56,124687.5,7160.54,596.71,72.78,72.78,145.56,6812.84,567.74,0.05
Maisonette,Siggiewi,3.0,3,3,2.0,2.0,120.0,0.0,23.0,0.0,314000,375000,334666.67,800,1000,916.67,83666.67,4804.8,400.4,45.83,45.83,91.67,3995.23,332.94,0.05
Penthouse,Marsascala,2.0,19,36,2.0,1.5,88.0,0.0,35.0,0.0,245000,478000,342684.21,650,1500,997.22,85671.05,4919.91,409.99,49.86,49.86,99.72,4653.41,387.78,0.05
Townhouse,Qormi,3.0,18,2,2.0,2.0,142.5,0.0,36.5,0.0,235000,1063000,497444.44,1200,1300,1250.0,124361.11,7141.79,595.15,62.5,62.5,125.0,4858.21,404.85,0.04
Apartment,Mgarr,3.0,22,44,2.0,2.0,113.0,0.0,20.0,0.0,262500,595000,326295.45,80,1400,825.23,81573.86,4684.61,390.38,41.26,41.26,82.52,3237.59,269.8,0.04
Penthouse,Zabbar,3.0,12,4,2.0,2.0,122.0,55.0,32.0,8.0,290000,450000,374000.0,900,1000,925.0,93500.0,5369.51,447.46,46.25,46.25,92.5,3510.49,292.54,0.04
Townhouse,Cospicua,2.0,11,4,2.0,2.5,117.0,0.0,15.0,0.0,181000,1100000,429454.55,800,1900,1125.0,107363.64,6165.67,513.81,56.25,56.25,112.5,4634.33,386.19,0.04
Townhouse,Zurrieq,2.0,2,2,1.5,1.5,100.5,0.0,16.0,0.0,234000,403000,318500.0,650,1000,825.0,79625.0,4572.69,381.06,41.25,41.25,82.5,3347.31,278.94,0.04
Penthouse,Rabat,2.0,8,5,2.0,2.0,100.0,0.0,35.0,0.0,345000,475000,408125.0,900,1250,1010.0,102031.25,5859.44,488.29,50.5,50.5,101.0,3836.56,319.71,0.04
Penthouse,Mellieha,2.0,21,53,2.0,2.0,100.0,0.0,35.0,0.0,235000,905000,436666.67,650,2000,1157.55,109166.67,6269.21,522.43,57.88,57.88,115.76,4843.27,403.61,0.04
Penthouse,Sliema,2.0,14,166,2.0,2.0,95.0,0.0,60.0,0.0,350000,1500000,723142.86,600,4500,1862.23,180785.72,10382.14,865.18,93.11,93.11,186.22,7495.27,624.61,0.04
Apartment,Gozo - Ghajnsielem,2.0,12,31,2.0,2.0,78.0,0.0,8.0,0.0,143000,420000,220250.0,450,1000,578.06,55062.5,3162.12,263.51,28.9,28.9,57.81,2387.25,198.94,0.04
Apartment,Gharghur,2.0,4,27,2.5,2.0,86.0,0.0,19.0,0.0,349000,399000,374250.0,750,1500,986.11,93562.5,5373.1,447.76,49.31,49.31,98.61,4093.56,341.13,0.04
Penthouse Duplex,St Paul's Bay,2.0,4,5,2.0,2.0,92.5,0.0,30.0,0.0,280000,800000,445000.0,800,1300,1080.0,111250.0,6388.85,532.4,54.0,54.0,108.0,3979.15,331.6,0.04
Townhouse,Vittoriosa,2.0,3,3,2.0,2.0,36.5,0.0,4.5,0.0,340000,550000,413333.33,900,1200,1066.67,103333.33,5934.21,494.52,53.33,53.33,106.67,4305.82,358.82,0.04
Apartment,Pieta,4.0,5,2,2.0,2.5,150.0,0.0,20.0,0.0,292500,850000,488500.0,1100,1300,1200.0,122125.0,7013.38,584.45,60.0,60.0,120.0,4506.62,375.55,0.04
Apartment,Pender Place,3.0,6,27,3.0,2.0,159.0,0.0,35.0,0.0,565000,1290000,864166.67,1500,4000,2237.04,216041.67,12406.81,1033.9,111.85,111.85,223.7,9068.77,755.73,0.04
Terraced House,Zejtun,3.0,6,2,2.0,3.0,130.0,0.0,20.0,0.0,480000,850000,645833.33,1300,2000,1650.0,161458.33,9272.21,772.68,82.5,82.5,165.0,6567.79,547.32,0.04
Apartment,Fort Cambridge,2.0,13,31,2.0,2.0,150.0,0.0,34.0,0.0,695000,1950000,1034230.77,1750,4500,2656.45,258557.69,14848.42,1237.37,132.82,132.82,265.64,10653.5,887.79,0.04
Apartment,Fort Cambridge,1.0,6,26,1.0,1.0,71.0,0.0,14.0,0.0,420000,739000,531500.0,80,1800,1282.5,132875.0,7630.73,635.89,64.12,64.12,128.25,4681.27,390.11,0.04
Penthouse,Siggiewi,3.0,4,7,2.0,2.0,116.5,0.0,45.0,0.0,425000,829000,557750.0,900,3000,1400.0,139437.5,8007.6,667.3,70.0,70.0,140.0,5432.4,452.7,0.04
Townhouse,Sliema,4.0,8,33,2.5,3.0,140.0,0.0,15.0,0.0,545000,1500000,900375.0,1200,3600,2240.91,225093.75,12926.65,1077.22,112.05,112.05,224.09,8586.08,715.51,0.04
Terraced House,Attard,3.0,12,12,3.0,2.5,72.0,0.0,38.0,0.0,600000,780000,687500.0,1000,3000,1737.5,171875.0,9870.42,822.53,86.88,86.88,173.75,6809.58,567.47,0.04
Apartment,Dingli,3.0,15,4,2.0,1.5,133.0,0.0,22.0,0.0,293000,439500,344100.0,750,900,850.0,86025.0,4940.23,411.69,42.5,42.5,85.0,3219.77,268.31,0.04
Penthouse,St Paul's Bay,2.0,20,51,2.0,2.0,78.0,0.0,23.0,0.0,213000,925000,390500.0,650,2500,1028.43,97625.0,5606.4,467.2,51.42,51.42,102.84,4266.53,355.54,0.04
Penthouse,Naxxar,3.0,7,10,2.0,2.0,118.0,0.0,35.0,0.0,360000,1065000,524285.71,800,1800,1377.5,131071.43,7527.15,627.26,68.88,68.88,137.75,5696.85,474.74,0.04
Apartment,Gozo - Xlendi,2.0,4,36,1.0,1.0,66.0,0.0,13.0,0.0,144000,387000,239750.0,450,1400,624.31,59937.5,3442.08,286.84,31.22,31.22,62.43,2551.29,212.61,0.04
Terraced House,Zebbug,3.0,3,3,2.0,2.0,224.0,0.0,30.0,0.0,638000,650000,642666.67,1200,2500,1666.67,160666.67,9226.74,768.9,83.33,83.33,166.67,6773.29,564.44,0.04
Townhouse,St Julian's,3.0,2,7,2.5,3.0,192.5,0.0,102.5,0.0,875000,1150000,1012500.0,1700,3750,2607.14,253125.0,14536.43,1211.37,130.36,130.36,260.71,10492.11,874.34,0.04
Penthouse,Mgarr,2.0,6,11,2.0,2.0,100.0,0.0,37.5,0.0,340200,480000,378700.0,650,1400,963.64,94675.0,5436.98,453.08,48.18,48.18,96.36,3813.96,317.83,0.04
House of Character,Gharghur,3.0,6,6,2.0,2.5,180.0,0.0,45.0,0.0,465000,885000,709166.67,1100,2500,1850.0,177291.67,10181.48,848.46,92.5,92.5,185.0,7578.52,631.54,0.04
Penthouse,Gozo - Marsalforn,3.0,4,12,2.0,2.0,95.5,0.0,47.0,0.0,257000,395000,330500.0,500,1450,808.33,82625.0,4744.98,395.41,40.42,40.42,80.83,3014.99,251.25,0.04
Maisonette,Mgarr,2.0,2,3,2.0,1.0,83.5,0.0,8.5,0.0,265000,310000,287500.0,750,750,750.0,71875.0,4127.63,343.97,37.5,37.5,75.0,3072.37,256.03,0.04
Farmhouse,Gozo - San Lawrenz,4.0,3,3,3.0,3.0,252.0,0.0,78.0,0.0,445000,1600000,836666.67,1500,2500,2166.67,209166.67,12012.0,1001.0,108.33,108.33,216.67,8788.04,732.34,0.04
Maisonette,Mosta,3.0,26,31,2.0,2.0,132.0,0.0,44.0,0.0,245000,595000,396461.54,750,1500,1056.45,99115.38,5691.99,474.33,52.82,52.82,105.65,4449.93,370.83,0.04
Maisonette,Fgura,2.0,10,5,2.0,1.0,99.5,0.0,24.0,0.0,233000,405000,293250.0,650,850,750.0,73312.5,4210.18,350.85,37.5,37.5,75.0,2989.82,249.15,0.04
House of Character,Zebbug,2.0,3,2,2.0,2.0,152.5,0.0,17.5,0.0,399000,550000,499666.67,1000,1500,1250.0,124916.67,7173.7,597.81,62.5,62.5,125.0,4826.3,402.19,0.04
Maisonette,Zejtun,3.0,15,3,2.0,1.0,120.0,0.0,28.0,0.0,250000,530000,349533.33,800,1000,883.33,87383.33,5018.24,418.19,44.17,44.17,88.33,3461.73,288.48,0.04
Penthouse,Attard,3.0,12,13,2.0,2.0,136.0,0.0,35.0,0.0,275000,825000,516041.67,950,2000,1269.23,129010.42,7408.79,617.4,63.46,63.46,126.92,4775.81,397.98,0.04
Apartment,Valletta,2.0,17,60,2.0,2.0,74.5,0.0,1.5,0.0,350000,1100000,616764.71,80,3000,1644.58,154191.18,8854.87,737.91,82.23,82.23,164.46,6933.1,577.76,0.04
Maisonette,Gozo - Nadur,2.0,2,2,1.5,1.5,122.5,0.0,30.5,0.0,135000,266000,200500.0,475,575,525.0,50125.0,2878.57,239.88,26.25,26.25,52.5,2161.43,180.12,0.04
Apartment,Tigne Point,3.0,9,46,2.0,2.0,180.0,0.0,24.0,0.0,799000,2150000,1314222.22,250,4800,3282.83,328555.56,18868.25,1572.35,164.14,164.14,328.28,12646.92,1053.91,0.04
Apartment,St.Pauls Bay,3.0,3,10,3.0,2.0,,,,,310000,585000,482666.67,1000,1700,1220.0,120666.67,6929.63,577.47,61.0,61.0,122.0,4782.37,398.53,0.04
Apartment,St.Julians,2.0,7,103,2.0,2.0,,,,,300000,795000,604857.14,1000,2800,1531.55,151214.28,8683.91,723.66,76.58,76.58,153.16,6018.97,501.58,0.04
Penthouse,Gozo - Ghajnsielem,3.0,3,10,2.0,2.0,100.0,0.0,43.0,0.0,180000,385000,312333.33,550,1000,772.5,78083.33,4484.16,373.68,38.62,38.62,77.25,2931.84,244.32,0.04
Apartment,Valletta,1.0,6,72,2.0,1.0,43.5,0.0,3.5,0.0,255000,480000,351500.0,80,2300,933.33,87875.0,5046.47,420.54,46.67,46.67,93.33,3913.49,326.12,0.04
Maisonette,Bugibba,2.0,2,10,1.5,1.5,57.5,0.0,26.5,0.0,240000,395000,317500.0,700,1200,840.0,79375.0,4558.34,379.86,42.0,42.0,84.0,3505.66,292.14,0.04
Apartment,St Julian's,2.0,88,529,2.0,2.0,83.5,0.0,8.0,0.0,200000,2300000,527772.73,60,3300,1386.33,131943.18,7577.22,631.43,69.32,69.32,138.63,5731.55,477.63,0.04
Maisonette,Qormi,2.0,9,3,2.0,1.0,107.0,0.0,21.0,0.0,213000,440000,290355.56,750,800,766.67,72588.89,4168.63,347.39,38.33,38.33,76.67,3191.41,265.95,0.04
Apartment,Sliema,3.0,136,1522,2.0,2.0,132.5,0.0,13.5,0.0,335000,2300000,794951.47,55,4900,1946.24,198737.87,11413.09,951.09,97.31,97.31,194.62,7270.81,605.9,0.04
Apartment,Qawra,3.0,84,198,2.0,2.0,121.5,0.0,19.0,0.0,161500,582000,337577.38,81,1500,890.73,84394.34,4846.59,403.88,44.54,44.54,89.07,3704.42,308.7,0.04
Apartment,Portomaso,3.0,9,34,3.0,3.0,195.0,0.0,21.0,0.0,965000,2100000,1502888.89,200,4500,3516.03,375722.22,21576.93,1798.08,175.8,175.8,351.6,12176.96,1014.75,0.03
Maisonette,Kappara,3.0,2,7,2.0,2.0,96.5,0.0,86.5,0.0,550000,565000,557500.0,800,1600,1200.0,139375.0,8004.01,667.0,60.0,60.0,120.0,3515.99,293.0,0.03
Apartment,Gozo - Qala,3.0,10,29,2.0,2.0,139.0,0.0,39.5,0.0,182000,485000,311100.0,500,1100,715.52,77775.0,4466.45,372.2,35.78,35.78,71.55,2402.54,200.21,0.03
Penthouse,St Paul's Bay,3.0,13,23,2.0,2.0,111.0,0.0,24.0,0.0,300000,1100000,509384.62,113,1650,1096.22,127346.16,7313.22,609.43,54.81,54.81,109.62,3210.49,267.54,0.03
Maisonette Solitary,Birkirkara,2.0,2,2,1.5,3.0,132.5,0.0,0.0,0.0,367500,372000,369750.0,700,900,800.0,92437.5,5308.49,442.37,40.0,40.0,80.0,2371.51,197.63,0.03
Maisonette,Gozo - Xaghra,3.0,5,8,2.0,3.0,135.0,0.0,43.0,0.0,165000,360000,275000.0,250,900,643.75,68750.0,3948.17,329.01,32.19,32.19,64.38,2231.83,185.99,0.03
Townhouse,Balzan,3.0,4,5,3.0,3.0,400.0,0.0,12.0,0.0,399000,1850000,1223500.0,1500,4300,2740.0,305875.0,17565.75,1463.81,137.0,137.0,274.0,8738.25,728.19,0.03
Apartment,Gozo - Nadur,2.0,4,31,2.0,2.0,84.0,0.0,9.0,0.0,150000,550000,284000.0,450,1000,613.39,71000.0,4077.38,339.78,30.67,30.67,61.34,1811.17,150.93,0.03
Penthouse,Swieqi,3.0,11,23,2.0,2.0,130.0,0.0,58.0,0.0,535000,1200000,787272.73,950,3700,1834.78,196818.18,11302.85,941.9,91.74,91.74,183.48,6311.04,525.92,0.03
Townhouse,Sliema,5.0,2,5,4.5,3.0,110.0,0.0,15.0,0.0,998000,1300000,1149000.0,2000,3000,2480.0,287250.0,16496.16,1374.68,124.0,124.0,248.0,7311.84,609.32,0.03
Farmhouse,Gozo - Qala,3.0,2,2,2.5,3.5,54.0,0.0,44.5,0.0,430000,720000,575000.0,1300,1300,1300.0,143750.0,8255.26,687.94,65.0,65.0,130.0,4224.74,352.06,0.03
Maisonette,Bugibba,3.0,2,12,2.5,2.0,97.0,0.0,71.5,0.0,280000,440000,360000.0,700,1200,829.17,90000.0,5168.51,430.71,41.46,41.46,82.92,2791.52,232.63,0.03
Maisonette,Dingli,3.0,3,4,2.0,2.0,130.0,0.0,60.0,0.0,320000,476500,407166.67,800,1000,950.0,101791.67,5845.68,487.14,47.5,47.5,95.0,3274.32,272.86,0.03
Townhouse,Sliema,3.0,11,64,2.0,3.0,177.5,0.0,43.0,0.0,549000,2200000,953818.18,150,4000,2109.38,238454.54,13693.94,1141.16,105.47,105.47,210.94,6556.11,546.34,0.03
Townhouse,Valletta,3.0,4,2,2.0,3.0,145.0,0.0,21.0,0.0,695000,1700000,1243750.0,2000,3500,2750.0,310937.5,17856.48,1488.04,137.5,137.5,275.0,8543.52,711.96,0.03
Farmhouse,Gozo - Xaghra,3.0,4,8,3.0,4.0,127.0,0.0,61.5,0.0,370000,690000,546250.0,170,2000,1218.75,136562.5,7842.49,653.54,60.94,60.94,121.88,3857.51,321.46,0.03
Penthouse,Zebbug,3.0,13,8,2.0,2.0,120.0,0.0,29.0,0.0,295000,575000,423000.0,700,1350,968.75,105750.0,6073.0,506.08,48.44,48.44,96.88,3227.0,268.92,0.03
Maisonette,Swieqi,3.0,11,108,2.0,2.0,116.5,0.0,21.0,0.0,350000,1500000,613181.82,132,2800,1322.78,153295.45,8803.43,733.62,66.14,66.14,132.28,3895.26,324.6,0.03
Farmhouse,Gozo - Xewkija,4.0,2,5,2.5,4.0,136.0,0.0,230.0,0.0,450000,900000,675000.0,1200,2000,1560.0,168750.0,9690.95,807.58,78.0,78.0,156.0,5285.05,440.42,0.03
Penthouse,Zurrieq,3.0,2,8,3.0,2.0,121.0,0.0,35.0,0.0,385000,505000,445000.0,800,1400,1027.5,111250.0,6388.85,532.4,51.38,51.38,102.75,3475.15,289.6,0.03
Apartment,Zebbiegh,3.0,26,17,2.0,2.0,119.0,0.0,17.0,0.0,286500,574500,400038.46,600,1200,902.94,100009.62,5743.34,478.61,45.15,45.15,90.29,2924.88,243.74,0.03
Townhouse,Senglea,2.0,7,2,2.0,2.0,92.5,59.5,25.0,12.5,280000,685000,501857.14,800,1400,1100.0,125464.28,7205.15,600.43,55.0,55.0,110.0,3354.85,279.57,0.03
Townhouse,Rabat,4.0,2,3,2.0,3.0,287.5,0.0,22.0,0.0,575000,950000,762500.0,1200,2500,1683.33,190625.0,10947.19,912.27,84.17,84.17,168.33,5212.78,434.4,0.03
Terraced House,Hamrun,3.0,3,2,2.0,2.5,127.0,0.0,10.0,0.0,372000,458000,418333.33,900,1000,950.0,104583.33,6006.0,500.5,47.5,47.5,95.0,3114.0,259.5,0.03
Apartment,Naxxar,4.0,2,15,2.0,2.0,145.0,0.0,21.0,0.0,370000,370000,370000.0,800,1000,856.67,92500.0,5312.08,442.67,42.83,42.83,85.67,2911.95,242.66,0.03
Penthouse,Gozo - Qala,2.0,4,4,2.0,2.0,108.5,0.0,41.0,0.0,278000,405000,338000.0,650,850,750.0,84500.0,4852.66,404.39,37.5,37.5,75.0,2347.34,195.61,0.03
House of Character,Zebbug,3.0,11,10,3.0,3.0,222.0,0.0,145.0,0.0,390000,1400000,839181.82,980,3800,1965.0,209795.46,12048.11,1004.01,98.25,98.25,196.5,6815.89,567.99,0.03
Terraced House,Mosta,3.0,3,11,3.0,2.0,,0.0,,0.0,450000,650000,541666.67,800,1500,1200.0,135416.67,7776.69,648.06,60.0,60.0,120.0,3743.31,311.94,0.03
Penthouse,Qawra,3.0,15,23,2.0,2.0,123.5,0.0,47.5,0.0,218000,745000,462400.0,700,1900,1091.3,115600.0,6638.66,553.22,54.56,54.56,109.13,3837.82,319.82,0.03
House of Character,Naxxar,3.0,2,6,3.0,2.0,217.5,0.0,58.0,0.0,635000,925000,780000.0,900,2750,1691.67,195000.0,11198.43,933.2,84.58,84.58,169.17,5041.6,420.13,0.03
Maisonette,Msida,3.0,5,9,2.0,2.0,129.0,0.0,24.0,0.0,265000,745000,415000.0,750,1500,988.89,103750.0,5958.14,496.51,49.44,49.44,98.89,3535.2,294.6,0.03
Apartment,M'Scala,3.0,2,12,2.0,2.0,,,,,300000,799000,549500.0,1000,1800,1220.83,137375.0,7889.15,657.43,61.04,61.04,122.08,3830.81,319.23,0.03
Apartment,Tigne Point,1.0,4,15,2.0,2.0,92.5,0.0,17.0,0.0,649000,1100000,884750.0,800,3000,2050.0,221187.5,12702.33,1058.53,102.5,102.5,205.0,6977.67,581.47,0.03
Apartment,Ta' Xbiex,3.0,7,112,3.0,2.0,139.5,0.0,24.0,0.0,320000,1800000,1047857.14,775,4700,2395.31,261964.28,15044.05,1253.67,119.77,119.77,239.53,7950.92,662.58,0.03
Penthouse,Birzebbuga,3.0,3,6,2.0,2.0,107.0,0.0,50.0,0.0,350000,500000,420666.67,700,1300,941.67,105166.67,6039.5,503.29,47.08,47.08,94.17,3000.53,250.04,0.03
Penthouse,Birzebbuga,2.0,10,10,2.0,1.0,88.5,0.0,50.0,0.0,195000,985000,383300.0,50,1100,840.0,95825.0,5503.03,458.59,42.0,42.0,84.0,2560.97,213.41,0.03
Apartment,Sliema,4.0,14,98,3.0,3.0,173.0,0.0,16.5,0.0,525000,2285000,1071785.71,110,4300,2338.55,267946.43,15387.59,1282.3,116.93,116.93,233.86,7062.49,588.54,0.03
Apartment,St Julian's,1.0,50,200,1.0,1.0,52.0,0.0,9.0,0.0,180000,821000,447380.0,80,2500,996.15,111845.0,6423.02,535.25,49.81,49.81,99.62,3140.02,261.67,0.03
Penthouse,Burmarrad,3.0,6,2,2.0,2.0,117.5,0.0,26.5,0.0,301000,620000,452166.67,800,1300,1050.0,113041.67,6491.74,540.98,52.5,52.5,105.0,3588.26,299.02,0.03
Townhouse,Rabat,3.0,7,8,2.0,3.0,200.0,0.0,16.0,0.0,498000,1500000,732642.86,900,2500,1475.0,183160.72,10518.53,876.54,73.75,73.75,147.5,3641.47,303.46,0.02
Terraced House,Birkirkara,3.0,3,10,2.0,2.0,175.0,0.0,25.0,0.0,425000,637000,540333.33,815,1500,1146.5,135083.33,7757.55,646.46,57.32,57.32,114.65,3248.85,270.74,0.02
Townhouse,Luqa,3.0,3,5,2.0,2.0,160.0,0.0,20.0,0.0,480000,700000,570000.0,875,1800,1215.0,142500.0,8183.47,681.96,60.75,60.75,121.5,3480.53,290.04,0.02
Terraced House,Zabbar,3.0,8,4,2.0,1.5,115.0,0.0,20.0,0.0,446500,855000,628562.5,1200,1500,1300.0,157140.62,9024.25,752.02,65.0,65.0,130.0,3455.75,287.98,0.02
House of Character,Gozo - Xaghra,3.0,2,15,3.5,3.0,137.5,0.0,97.5,0.0,690000,720000,705000.0,850,2500,1423.33,176250.0,10121.66,843.47,71.17,71.17,142.33,3542.31,295.19,0.02
Terraced House,Gozo - Xewkija,3.0,3,4,4.0,1.5,206.0,0.0,61.0,0.0,320000,398000,348666.67,500,900,675.0,87166.67,5005.8,417.15,33.75,33.75,67.5,1474.2,122.85,0.02
House of Character,Zejtun,2.0,6,2,1.0,1.5,100.0,0.0,17.5,0.0,244000,830000,409500.0,800,850,825.0,102375.0,5879.18,489.93,41.25,41.25,82.5,2040.82,170.07,0.02
Townhouse,Gozo - Victoria,4.0,2,2,3.0,3.5,123.5,0.0,212.0,0.0,240000,795000,517500.0,800,1300,1050.0,129375.0,7429.73,619.14,52.5,52.5,105.0,2650.27,220.86,0.02
Terraced House,Gozo - Gharb,4.0,2,2,5.0,2.0,381.0,0.0,157.5,0.0,446000,466000,456000.0,800,950,875.0,114000.0,6546.78,545.56,43.75,43.75,87.5,1853.22,154.44,0.02
Terraced House,Marsascala,3.0,2,6,2.0,2.5,177.5,0.0,22.5,0.0,680000,699000,689500.0,900,2000,1366.67,172375.0,9899.13,824.93,68.33,68.33,136.67,3220.9,268.41,0.02
Townhouse,Mosta,3.0,6,5,2.0,2.0,202.5,0.0,22.5,0.0,280000,1850000,848166.67,900,2500,1620.0,212041.67,12177.1,1014.76,81.0,81.0,162.0,3374.9,281.24,0.02
Terraced House,Ta' l-Ibragg,3.0,2,3,2.5,3.0,156.0,0.0,16.0,0.0,750000,780000,765000.0,750,2500,1483.33,191250.0,10983.08,915.26,74.17,74.17,148.33,3256.89,271.41,0.02
Bungalow Detached,Mellieha,3.0,4,6,2.0,2.0,213.0,0.0,437.0,0.0,1490000,1800000,1672500.0,2000,4500,3433.33,418125.0,24012.03,2001.0,171.67,171.67,343.33,8947.94,745.66,0.02
House of Character,Gozo - Nadur,3.0,2,5,2.0,2.0,155.0,0.0,53.0,0.0,400000,800000,600000.0,650,1500,1210.0,150000.0,8614.18,717.85,60.5,60.5,121.0,3001.82,250.15,0.02
Villa Detached,Kappara,3.0,2,4,2.5,3.0,325.0,0.0,250.0,0.0,990000,1800000,1395000.0,1950,3000,2687.5,348750.0,20027.97,1669.0,134.38,134.38,268.75,5772.03,481.0,0.02
Apartment,Portomaso,2.0,15,43,2.0,2.0,134.0,0.0,13.0,0.0,550000,1900000,1178466.67,750,4000,2336.98,294616.67,16919.21,1409.93,116.85,116.85,233.7,5515.8,459.65,0.02
Villa Semi-detached,Mosta,3.0,2,2,5.0,2.5,170.0,0.0,140.0,0.0,980000,980000,980000.0,1600,2500,2050.0,245000.0,14069.83,1172.49,102.5,102.5,205.0,5610.17,467.51,0.02
Penthouse,Mellieha,3.0,22,22,2.0,2.0,142.0,0.0,47.0,0.0,360000,1280000,716818.18,800,3000,1406.27,179204.54,10291.34,857.61,70.31,70.31,140.63,3208.86,267.4,0.02
Penthouse,Mgarr,3.0,4,8,2.0,2.0,116.5,0.0,29.0,0.0,480000,704000,573500.0,700,1700,1156.25,143375.0,8233.72,686.14,57.81,57.81,115.62,2866.28,238.86,0.02
Penthouse,Gozo - Xaghra,3.0,5,3,2.0,2.0,115.0,0.0,56.0,0.0,250000,500000,406000.0,700,900,766.67,101500.0,5828.93,485.74,38.33,38.33,76.67,1531.1,127.59,0.02
Penthouse,Gozo - Nadur,2.0,5,2,2.0,1.0,156.0,0.0,51.0,0.0,275000,468000,325800.0,600,650,625.0,81450.0,4677.5,389.79,31.25,31.25,62.5,1322.5,110.21,0.02
Apartment,Paceville,1.0,2,5,1.0,2.0,56.5,0.0,6.5,0.0,220000,500000,360000.0,700,800,760.0,90000.0,5168.51,430.71,38.0,38.0,76.0,2127.49,177.29,0.02
Villa Semi-detached,Kappara,3.0,6,13,3.5,3.0,218.0,0.0,180.0,0.0,850000,1500000,1153333.33,900,3500,2303.85,288333.33,16558.37,1379.86,115.19,115.19,230.38,5558.59,463.22,0.02
Penthouse,Gozo - Ghajnsielem,2.0,9,12,2.0,2.0,94.0,0.0,31.0,0.0,200000,530000,333777.78,500,900,679.17,83444.45,4792.04,399.34,33.96,33.96,67.92,1728.0,144.0,0.02
Penthouse Duplex,St Julian's,3.0,2,8,3.5,3.0,284.0,0.0,162.5,0.0,590000,2200000,1395000.0,2000,3500,2812.5,348750.0,20027.97,1669.0,140.62,140.62,281.25,6972.03,581.0,0.02
Apartment,Madliena,2.0,3,13,2.0,2.0,120.0,0.0,40.0,0.0,475000,1100000,720000.0,800,2000,1476.92,180000.0,10337.02,861.42,73.85,73.85,147.69,3841.42,320.12,0.02
Apartment,Tigne Point,2.0,2,24,2.0,2.0,149.5,0.0,11.0,0.0,1350000,1675000,1512500.0,150,4500,2882.5,378125.0,21714.91,1809.58,144.12,144.12,288.25,5957.09,496.42,0.02
Villa,Madliena,3.0,2,3,5.5,4.0,,,,,1450000,2200000,1825000.0,3000,4500,3633.33,456250.0,26201.47,2183.46,181.67,181.67,363.33,8678.5,723.21,0.02
Penthouse,Siggiewi,2.0,7,5,2.0,1.0,96.0,0.0,50.0,0.0,280000,478000,373000.0,700,900,790.0,93250.0,5355.15,446.26,39.5,39.5,79.0,2228.85,185.74,0.02
Penthouse,Sliema,3.0,18,98,3.0,2.0,133.0,0.0,45.0,0.0,525000,2200000,1171111.11,800,4500,2412.56,292777.78,16813.6,1401.13,120.63,120.63,241.26,6346.97,528.91,0.02
Maisonette,Gharghur,3.0,6,10,2.0,2.0,171.0,0.0,78.5,0.0,340000,638000,524500.0,750,1400,1054.5,131125.0,7530.23,627.52,52.72,52.72,105.45,2592.97,216.08,0.02
Penthouse,Xemxija,2.0,2,6,2.0,2.0,88.0,0.0,27.0,0.0,600000,745000,672500.0,750,1700,1316.67,168125.0,9655.06,804.59,65.83,65.83,131.67,2984.97,248.75,0.02
Maisonette,Xemxija,3.0,3,10,2.0,2.0,110.0,0.0,2.0,0.0,250000,750000,493333.33,700,1700,1055.0,123333.33,7082.77,590.23,52.75,52.75,105.5,3045.23,253.77,0.02
Penthouse Duplex,Mellieha,3.0,4,2,2.5,2.5,166.5,0.0,102.5,0.0,755000,970000,891250.0,800,2900,1850.0,222812.5,12795.65,1066.3,92.5,92.5,185.0,4964.35,413.7,0.02
Penthouse,Luqa,3.0,4,2,1.5,2.0,105.0,0.0,25.0,0.0,288000,845000,494250.0,1000,1100,1050.0,123562.5,7095.93,591.33,52.5,52.5,105.0,2984.07,248.67,0.02
House of Character,Rabat,3.0,8,5,2.0,3.0,152.5,0.0,17.5,0.0,395000,1260000,755250.0,850,2200,1560.0,188812.5,10843.1,903.59,78.0,78.0,156.0,4132.9,344.41,0.02
Maisonette,Gozo - Nadur,3.0,5,4,2.0,1.5,142.0,0.0,24.0,0.0,230000,341500,286900.0,450,650,537.5,71725.0,4119.01,343.25,26.88,26.88,53.75,1040.99,86.75,0.01
Villa Semi-detached,Madliena,3.0,4,7,5.0,3.0,160.5,0.0,333.5,0.0,1950000,2150000,2087500.0,2400,4800,3528.57,521875.0,29970.17,2497.51,176.43,176.43,352.86,3904.1,325.34,0.01
Townhouse,Siggiewi,3.0,5,2,2.0,1.5,150.0,0.0,21.0,0.0,425500,530000,474100.0,850,900,875.0,118525.0,6806.64,567.22,43.75,43.75,87.5,1593.36,132.78,0.01
Townhouse,Kalkara,2.0,2,3,2.5,1.0,0.0,0.0,0.0,0.0,500000,750000,625000.0,800,1200,1066.67,156250.0,8973.1,747.76,53.33,53.33,106.67,1266.93,105.58,0.01
Penthouse,Madliena,3.0,4,8,2.5,2.0,153.0,0.0,74.0,0.0,730000,1500000,1307500.0,1400,3500,2287.5,326875.0,18771.74,1564.31,114.38,114.38,228.75,3188.26,265.69,0.01
House of Character,Gozo - Xaghra,4.0,2,13,4.0,4.0,273.5,0.0,531.5,0.0,560000,1050000,805000.0,1000,1950,1407.69,201250.0,11557.36,963.11,70.38,70.38,140.77,1956.46,163.04,0.01
Penthouse,San Pawl tat Targa,2.0,4,7,2.0,2.0,105.5,115.0,86.0,15.0,700000,900000,800000.0,800,1600,1364.29,200000.0,11485.57,957.13,68.21,68.21,136.43,1611.61,134.3,0.01
Farmhouse,Gozo - Xewkija,3.0,2,3,3.5,2.0,126.5,0.0,109.5,0.0,230000,680000,455000.0,200,1350,816.67,113750.0,6532.42,544.37,40.83,40.83,81.67,1307.61,108.97,0.01
Penthouse,Xemxija,3.0,3,9,2.0,2.0,140.5,0.0,46.0,0.0,575000,850000,758333.33,700,2500,1394.44,189583.33,10887.37,907.28,69.72,69.72,139.44,2499.26,208.27,0.01
Penthouse,Valletta,2.0,4,7,2.0,2.0,59.0,45.0,12.5,0.0,1200000,1800000,1396250.0,1900,3500,2435.71,349062.5,20045.92,1670.49,121.79,121.79,243.57,3336.9,278.07,0.01
Terraced House,Gozo - Xaghra,3.0,7,4,4.0,2.0,179.0,0.0,45.0,0.0,380000,1000000,480000.0,600,1000,812.5,120000.0,6891.34,574.28,40.62,40.62,81.25,908.66,75.72,0.01
House of Character,Mosta,3.0,2,5,2.5,2.0,134.0,0.0,58.0,0.0,620000,1350000,985000.0,1300,2500,1780.0,246250.0,14141.61,1178.47,89.0,89.0,178.0,2946.39,245.53,0.01
House of Character,Gozo - Ghasri,5.0,2,3,5.5,6.0,247.5,0.0,222.0,0.0,598000,698000,648000.0,700,1400,1166.67,162000.0,9303.32,775.28,58.33,58.33,116.67,1896.72,158.06,0.01
Terraced House,Mellieha,3.0,4,9,3.0,2.0,204.5,0.0,34.5,0.0,608000,850000,716750.0,800,1800,1300.0,179187.5,10290.36,857.53,65.0,65.0,130.0,2189.64,182.47,0.01
Penthouse,Gharghur,2.0,4,13,2.0,2.0,73.0,0.0,32.0,0.0,390000,840000,673750.0,800,2500,1211.54,168437.5,9673.01,806.08,60.58,60.58,121.15,1957.78,163.15,0.01
Penthouse,Gudja,3.0,2,2,2.0,1.5,140.0,0.0,43.0,0.0,425500,583000,504250.0,800,900,850.0,126062.5,7239.5,603.29,42.5,42.5,85.0,920.5,76.71,0.01
Terraced House,San Gwann,3.0,2,10,2.5,2.0,165.0,0.0,10.0,0.0,720000,995000,857500.0,1000,2500,1480.0,214375.0,12311.1,1025.92,74.0,74.0,148.0,1896.9,158.08,0.01
House of Character,Naxxar,4.0,2,4,5.0,3.0,315.0,0.0,100.0,0.0,735000,1595000,1165000.0,1500,2800,2062.5,291250.0,16725.87,1393.82,103.12,103.12,206.25,3074.13,256.18,0.01
Apartment,Senglea,2.0,3,13,2.0,1.0,115.0,0.0,52.0,0.0,250000,1000000,716666.67,700,2100,1297.69,179166.67,10289.16,857.43,64.88,64.88,129.77,2168.66,180.72,0.01
Townhouse,Birzebbuga,3.0,2,2,1.5,2.0,140.0,0.0,31.5,0.0,410000,425000,417500.0,700,800,750.0,104375.0,5994.03,499.5,37.5,37.5,75.0,1205.97,100.5,0.01
Apartment,St Julian's,4.0,4,26,3.5,2.0,225.0,0.0,27.5,0.0,325000,2200000,1152500.0,500,4500,1579.81,288125.0,16546.41,1378.87,78.99,78.99,157.98,-1380.23,-115.02,-0.0
Penthouse,Sliema,1.0,4,87,1.0,1.0,73.0,0.0,49.5,0.0,395000,1800000,945750.0,155,3800,1296.9,236437.5,13578.1,1131.51,64.85,64.85,129.69,-1127.86,-93.99,-0.0
Farmhouse,Gozo - Gharb,4.0,2,10,2.5,4.0,96.5,0.0,188.5,0.0,1100000,1270000,1185000.0,140,3500,1714.0,296250.0,17013.01,1417.75,85.7,85.7,171.4,-558.61,-46.55,-0.0
Penthouse,Ta' l-Ibragg,3.0,2,14,2.5,2.0,195.0,0.0,75.0,0.0,1238000,1550000,1394000.0,1000,2750,2067.86,348500.0,20013.61,1667.8,103.39,103.39,206.79,-162.16,-13.51,-0.0
Villa Semi-detached,Swieqi,4.0,3,5,3.0,3.0,260.0,0.0,241.0,0.0,1275000,1950000,1541666.67,1165,3800,2213.0,385416.67,22133.66,1844.47,110.65,110.65,221.3,-888.86,-74.07,-0.0
Terraced House,Birzebbuga,3.0,2,3,2.5,2.0,181.5,0.0,57.5,0.0,595000,637000,616000.0,700,1100,933.33,154000.0,8843.89,736.99,46.67,46.67,93.33,116.08,9.67,0.0
Terraced House,Fgura,3.0,3,2,2.0,1.5,122.0,0.0,78.0,0.0,620000,690000,666666.67,875,950,912.5,166666.67,9571.31,797.61,45.62,45.62,91.25,-811.31,-67.61,-0.0
Terraced House,Gozo - Victoria,3.0,8,10,2.5,2.0,195.0,0.0,52.0,0.0,335000,960000,520625.0,650,1400,835.3,130156.25,7474.6,622.88,41.76,41.76,83.53,544.28,45.36,0.0
Terraced House,Gozo - Victoria,4.0,3,3,2.0,2.0,279.0,0.0,62.0,0.0,530000,750000,618333.33,695,1200,915.0,154583.33,8877.39,739.78,45.75,45.75,91.5,-93.39,-7.78,-0.0
Townhouse,Santa Venera,4.0,2,2,2.5,2.5,257.5,0.0,21.5,0.0,370000,800000,585000.0,800,1100,950.0,146250.0,8398.83,699.9,47.5,47.5,95.0,721.17,60.1,0.0
Townhouse,Mosta,4.0,2,2,2.5,3.0,190.0,0.0,201.5,0.0,690000,1100000,895000.0,152,2500,1326.0,223750.0,12849.49,1070.79,66.3,66.3,132.6,-119.89,-9.99,-0.0
Apartment,Gozo - San Lawrenz,2.0,5,4,3.0,2.0,131.0,0.0,45.0,0.0,460000,795000,586000.0,500,1100,800.0,146500.0,8413.18,701.1,40.0,40.0,80.0,-733.18,-61.1,-0.01
House of Character,Zurrieq,3.0,2,2,3.0,2.0,161.0,0.0,54.0,0.0,730000,1600000,1165000.0,1500,1500,1500.0,291250.0,16725.87,1393.82,75.0,75.0,150.0,-2325.87,-193.82,-0.01
Terraced House,Mgarr,4.0,2,2,3.5,2.0,265.0,0.0,75.0,0.0,1010000,1350000,1180000.0,1450,1500,1475.0,295000.0,16941.22,1411.77,73.75,73.75,147.5,-2781.22,-231.77,-0.01
Villa Detached,Santa Maria Estate,3.0,2,6,4.0,3.0,550.0,0.0,870.0,0.0,1890000,1890000,1890000.0,294,4000,2186.17,472500.0,27134.67,2261.22,109.31,109.31,218.62,-6147.44,-512.29,-0.01
Penthouse,Gharghur,3.0,3,12,3.0,2.0,177.0,0.0,52.0,0.0,1300000,2000000,1533333.33,1000,4500,1981.67,383333.33,22014.02,1834.5,99.08,99.08,198.17,-2989.99,-249.17,-0.01
Terraced House,Mosta,5.0,2,2,2.0,2.0,250.0,0.0,150.0,0.0,1100000,1100000,1100000.0,900,2000,1450.0,275000.0,15792.66,1316.06,72.5,72.5,145.0,-1872.66,-156.06,-0.01
House of Character,Qrendi,3.0,2,2,2.5,2.5,160.0,0.0,35.0,0.0,650000,1375000,1012500.0,850,1800,1325.0,253125.0,14536.43,1211.37,66.25,66.25,132.5,-1816.43,-151.37,-0.01
House of Character,Senglea,2.0,2,2,2.0,1.5,92.0,35.0,16.0,2.5,325000,325000,325000.0,85,650,367.5,81250.0,4666.01,388.83,18.38,18.38,36.75,-1138.01,-94.83,-0.01
Townhouse,Valletta,1.0,2,6,1.0,1.0,86.0,0.0,115.0,0.0,1100000,1820000,1460000.0,650,1600,1008.33,365000.0,20961.17,1746.76,50.42,50.42,100.83,-11281.2,-940.1,-0.03
House of Character,Mellieha,3.0,2,3,3.5,3.0,0.0,0.0,0.0,0.0,1800000,1800000,1800000.0,1300,1800,1500.0,450000.0,25842.54,2153.55,75.0,75.0,150.0,-11442.54,-953.55,-0.03
